0.089,9.739,2.009,30,30
0.089,9.739,2.009,10,40
0.14,9.699,1.959,20,60
0.14,9.599,2.029,30,90
0.14,9.599,2.029,20,110
-0.31,9.359,2.109,10,120
-0.429,9.369,2.22,30,150
-0.439,9.319,2.25,20,170
-0.37,9.279,2.299,10,180
-0.34,9.289,2.389,30,210
-0.259,9.369,2.48,20,230
-0.109,9.489,2.539,10,240
-0.14,9.609,2.829,32,272
-0.14,9.609,2.829,19,291
-0.109,9.429,3.259,19,310
-0.149,9.26,3.24,10,320
0.119,8.869,3.059,20,340
-0.179,9.069,2.95,30,370
-0.039,8.939,2.889,20,390
-0.219,9.069,2.809,20,410
-0.219,9.069,2.809,10,420
-0.579,9.22,2.46,20,440
-0.689,8.809,2.309,30,470
-0.689,8.809,2.309,10,480
-0.669,8.939,2.25,20,500
-0.779,8.849,2.149,30,530
-0.839,8.569,2.159,20,550
-0.839,8.569,2.159,21,571
-0.68,8.42,2.859,19,590
-0.569,8.679,3.22,20,610
-0.569,8.679,3.22,19,629
0.179,9.149,3.899,21,650
0.129,8.989,4.089,20,670
0.129,8.989,4.089,19,689
-0.5,8.72,3.939,21,710
-0.55,8.63,3.699,20,730
-0.55,8.63,3.699,20,750
-0.74,8.42,3.139,20,770
-0.839,8.429,3.039,20,790
-0.34,9.05,2.339,20,810
-0.009,8.939,1.769,19,829
-0.009,10.059,1.069,21,850
-0.349,17.51,0.949,29,879
-0.349,17.51,0.949,1,880
-0.509,18.699,0.949,29,909
-0.989,19.289,1.039,21,930
-1.599,19.359,1.049,19,949
-0.519,19.719,1.289,25,974
-0.519,19.719,1.289,5,979
0.899,17.129,1.429,31,1010
0.899,17.129,1.429,10,1020
-0.689,11.96,0.439,20,1040
-2.299,7.319,-1.039,30,1070
-2.619,6.019,-1.559,10,1080
-2.47,1.519,-3.259,30,1110
-2.029,0.469,-3.379,20,1130
-1.589,-1.889,-3.289,20,1150
-1.589,-1.889,-3.289,21,1171
-2.339,-2.039,-3.409,9,1180
-3.169,-0.509,-2.869,30,1210
-3.419,1.659,-2.349,20,1230
-3.439,2.24,-2.139,20,1250
-3.139,3.709,0.389,20,1270
-2.909,10.769,3.439,20,1290
-3.329,13,3.809,20,1310
-5.179,18.25,6.17,20,1330
-3.699,19.819,6.049,20,1350
-3.699,19.819,6.049,20,1370
-4.179,18.629,6.46,20,1390
-2.589,13.819,4.909,20,1410
-1.5,11.949,4.269,20,1430
-0.93,10.469,3.73,19,1449
-0.889,9.069,3.049,24,1473
-0.109,6.449,2.609,7,1480
0.939,2.059,2.269,30,1510
0.639,1.069,1.809,20,1530
1.149,0.74,1.319,20,1550
1.589,0.759,1.169,30,1580
1.589,0.759,1.169,10,1590
1.389,1.309,0.769,10,1600
1.259,2.269,0.639,30,1630
2.349,4.759,0.229,20,1650
2.25,7.5,-0.019,20,1670
1.12,18.049,2.73,20,1690
-0.74,19.819,2.879,20,1710
-2.589,19.819,0.039,20,1730
-2.589,19.819,0.039,10,1740
-3.48,19.819,1.709,30,1770
-0.959,19.819,1.689,30,1800
-0.889,19.649,1.159,9,1809
-2.929,13.689,-1.049,21,1830
-3.819,9.649,-1.649,20,1850
-3.449,5.769,-1.73,19,1869
-2.339,1.86,-1.549,21,1890
-1.35,-1.049,-2.079,20,1910
-1.24,-1.839,-2.509,20,1930
-1.979,-1.909,-3.409,19,1949
-3.22,-1.439,-4.23,21,1970
-4.039,0.74,-4.429,20,1990
-4.039,0.74,-4.429,10,2000
-4.139,2.619,-4.699,30,2030
-5.929,4.009,-1.149,20,2050
-5.929,4.009,-1.149,20,2070
-7.279,15.149,1.259,10,2080
-9.469,19.51,0.359,30,2110
-9.469,19.51,0.359,20,2130
-8.96,19.819,6.599,20,2150
-5.349,19.739,5.469,20,2170
-4.119,17.549,4.639,20,2190
-2.419,15.219,4.15,19,2209
-0.28,12.569,3.909,21,2230
0.819,9,3.99,20,2250
0.93,7.239,3.849,20,2270
0.699,3.039,3,9,2279
0.789,0.859,2.519,31,2310
1.409,-0.81,1.829,10,2320
2.099,-0.849,1.419,30,2350
2.569,0.55,1.159,20,2370
2.579,0.729,1.039,20,2390
2.769,1.11,1.259,20,2410
3.599,1.809,1.629,10,2420
3.73,3.689,2.629,30,2450
3.73,3.689,2.629,20,2470
0.299,16.069,-0.789,10,2480
-3.929,19.819,1.159,30,2510
-7.179,19.819,-1.709,20,2530
-9.75,19.819,-2.359,20,2550
-11.05,19.819,-2.099,22,2572
-6.969,19.819,-0.029,17,2589
-4.019,17.69,-0.889,21,2610
-3.069,14.329,-1.879,20,2630
-3.639,11.01,-1.559,20,2650
-3.639,9.099,-1.389,20,2670
-2.539,2.789,-1.449,20,2690
-2.49,-1.74,-2.98,20,2710
-3.139,-2.819,-3.919,10,2720
-4.36,-0.829,-3.939,30,2750
-4.36,-0.829,-3.939,10,2760
-4.389,0.259,-3.46,20,2780
-2.98,1.269,-3.779,30,2810
-2.929,1.48,-4,10,2820
-4.159,1.579,-1.61,29,2849
-7.649,18.379,0.959,21,2870
-9.069,19.819,-0.759,9,2879
-13.699,18.379,0.579,31,2910
-12.96,19.639,0.149,20,2930
-9.719,19.6,3.189,20,2950
-5.9,19.229,2.159,20,2970
-5.9,19.229,2.159,19,2989
-4.94,13.679,1.299,21,3010
-1.719,13.88,1.299,11,3021
1.49,10.71,2.339,28,3049
2.889,6.839,3.409,21,3070
3.279,4.46,3.959,9,3079
4.949,2.299,4.199,31,3110
5.889,1.519,4.15,11,3121
8.189,-0.329,3.799,29,3150
8.25,0.459,3.24,20,3170
8.25,0.459,3.24,19,3189
8.34,1.809,2.359,20,3209
7.649,3.639,1.569,21,3230
7.649,3.639,1.569,19,3249
-1.439,19.819,-3.019,21,3270
-5.73,19.819,-1.12,20,3290
-9.079,19.819,-3.819,20,3310
-10.88,19.819,-0.55,19,3329
-8.22,19.819,0.119,21,3350
-1.99,17.699,0.229,20,3370
-2.899,13.079,-0.949,20,3390
-3.659,11.189,-1.36,10,3400
-5.4,5.339,-2.669,30,3430
-5.4,5.339,-2.669,19,3449
-5.519,-1.1,-6.15,21,3470
-5.519,-1.1,-6.15,10,3480
-6.859,-3.009,-6.23,29,3509
-6.809,-2.109,-6.659,21,3530
-6.789,-1.169,-6.67,10,3540
-6.98,1.019,-6.309,30,3570
-6.509,1.069,-5.869,19,3589
-6.139,10.989,0.959,21,3610
-7.429,17.069,-1.22,20,3630
-7.429,19.819,-1.22,20,3650
-8.739,19.819,3.609,20,3670
-8.679,19.819,5,20,3690
-8.679,19.819,5,19,3709
-3.269,19.049,2.299,21,3730
-1.719,15.519,2.659,24,3754
-1.059,14.719,2.74,6,3760
1.159,13.899,3.049,30,3790
2.339,8.539,4.559,10,3800
4.009,3.639,4.21,30,3830
4.009,3.639,4.21,10,3840
6.119,0.87,3.849,30,3870
7.339,0.209,3.319,20,3890
7.029,0.519,3.049,19,3909
6.789,1.73,2.279,21,3930
6.75,2.47,1.759,20,3950
6.75,2.47,1.759,19,3969
4.98,6.17,-0.639,21,3990
2.389,10.389,-2.759,19,4009
-7.559,19.819,-5.099,21,4030
-7.559,19.819,-5.099,19,4049
-14.549,19.819,-4.75,20,4069
-15.279,19.819,-3.419,21,4090
-15.279,19.819,-3.419,20,4110
-5.659,19.799,-1.25,10,4120
-3.48,12.389,1.069,30,4150
-5.489,7.089,1.019,20,4170
-5.46,2.21,-1.599,20,4190
-5.549,-0.149,-2.99,9,4199
-8.059,-3.649,-6.529,21,4220
-8.869,-2.849,-7.73,29,4249
-8.579,-1.899,-8.25,21,4270
-8.09,-1.769,-7.989,15,4285
-4.079,0.669,-6.429,25,4310
-2.609,2.259,-5,20,4330
-2.539,1.87,-4.19,20,4350
-5.139,10.649,0.74,20,4370
-5.139,10.649,0.74,10,4380
-10.439,19.819,0.899,30,4410
-13.259,19.819,3.359,20,4430
-12.05,19.819,5.049,20,4450
-10.199,19.799,5.579,20,4470
-5.359,15.279,3.099,20,4490
-5.139,13.59,3.49,20,4510
-4.259,13.199,2.599,20,4530
0.14,8.67,2.849,20,4550
1.649,6.039,2.529,20,4570
2.559,4.239,2.269,10,4580
3.829,2.659,2.059,30,4610
3.829,2.659,2.059,10,4620
5.289,1.74,2.149,20,4640
6.5,0.25,2.74,20,4660
6.489,0.389,2.619,20,4680
6.96,1.439,2.429,20,4700
5.829,3.299,1.49,30,4730
-2.5,12.179,-2.429,20,4750
-2.5,12.179,-2.429,10,4760
-9.279,19.819,-5.19,30,4790
-15.039,19.819,-5.609,20,4810
-15.039,19.819,-5.609,20,4830
-13.539,19.819,-3.879,20,4850
-13.539,19.819,-3.879,10,4860
-7.569,18.289,-2.96,20,4880
-5.579,9.399,-1.039,30,4910
-5,7.619,-0.969,20,4930
-2.929,2.099,-2.679,20,4950
-3.269,0.509,-3.319,10,4960
-5.71,-2.299,-3.799,30,4990
-6.339,-2.599,-3.819,10,5000
-6.879,-2.2,-4.11,30,5030
-5.94,-0.699,-4.319,20,5050
-4.789,1.199,-4.279,20,5070
-3.689,1.22,-4.46,19,5089
-4.4,-0.009,-3.319,21,5110
-8.47,8.099,-0.07,20,5130
-8.96,17.619,-1.569,19,5149
-10.099,17.489,3.049,21,5170
-13.019,19.819,3.399,20,5190
-13.409,16.44,4.489,10,5200
-8.939,16.909,1.689,20,5220
-8.479,15.179,1.009,20,5240
-5.619,13.859,1,31,5271
-5.619,13.859,1,19,5290
-0.529,9.149,3.179,20,5310
0.129,6.449,3.869,20,5330
0.129,6.449,3.869,20,5350
3.349,1.23,3.359,10,5360
4.119,0.689,3,20,5380
5.969,1,2.329,30,5410
5.389,0.889,2.25,19,5429
5.179,1.299,1.709,21,5450
5.5,2.24,1.22,20,5470
5.5,2.24,1.22,10,5480
1.24,4.639,-0.849,30,5510
-8.519,19.699,-1.74,20,5530
-8.519,19.699,-1.74,20,5550
-9.349,19.819,-2.169,10,5560
-14.619,19.819,-2.099,20,5580
-14.389,19.819,-1.899,20,5600
-10.739,19.819,-1.919,30,5630
-7.569,19.76,-2.96,20,5650
-7.159,14.42,-2.799,20,5670
-6.679,12.42,-2.5,10,5680
-5.46,5.529,-1.939,30,5710
-4.289,0.879,-2.319,20,5730
-3.5,-2.889,-3.269,20,5750
-4.15,-5.449,-3.669,20,5770
-5.13,-3.679,-3.939,10,5780
-5.13,-3.679,-3.939,20,5800
-5.889,0.55,-4.389,20,5820
-5.179,2.009,-4.94,20,5840
-5.179,2.009,-4.94,20,5860
-4.859,0.879,-3.609,20,5880
-6.589,4.989,-0.14,20,5900
-7.289,19.819,0.14,20,5920
-14.039,19.819,4.739,30,5950
-14.039,19.819,4.739,20,5970
-11.569,18,4.239,20,5990
-8.239,15.539,1.719,20,6010
-7.339,12.869,1.159,20,6030
-7.339,12.869,1.159,10,6040
-0.509,9.5,1.589,30,6070
2.279,4.739,2.159,20,6090
2.409,2.75,1.929,20,6110
2.379,0.859,1.769,20,6130
2.379,0.859,1.769,20,6150
3.439,-0.799,1.909,10,6160
4.809,0.119,2.079,30,6190
4.809,0.119,2.079,20,6210
6.589,1.35,2.559,10,6220
7.289,2.009,3.169,30,6250
7.289,2.009,3.169,20,6270
-0.289,12.859,-0.019,20,6290
-7.369,19.819,0.62,20,6310
-7.5,19.819,-2.73,20,6330
-9.489,19.819,-3.23,10,6340
-16.25,19.819,-3.549,30,6370
-15.759,19.819,-3.389,10,6380
-10.679,18.329,-4.029,20,6400
-8.179,14.539,-4.25,30,6430
-6.969,12.409,-2.799,10,6440
-5.92,6.349,-1.73,30,6470
-2.639,1.169,-2.399,10,6480
-2.649,-2.349,-4.579,30,6510
-5.889,-2.19,-5.849,10,6520
-7.289,-2.19,-6.829,20,6540
-7.839,-1.829,-5.589,30,6570
-4.009,-0.149,-3.849,20,6590
-3.309,0.289,-3.509,10,6600
-3.389,0.699,-2.849,20,6620
-6.25,10.149,1.139,30,6650
-7.099,19.819,1.23,20,6670
-11.689,19.819,6.589,20,6690
-12.109,19.819,7.079,20,6710
-12.109,19.819,7.079,10,6720
-12.079,18.779,5.199,20,6740
-10.809,17.659,3.679,20,6760
-6.889,13.559,1.049,20,6780
-1.959,11.159,0.099,30,6810
-0.479,9.489,0.759,10,6820
2.169,4.21,2.039,30,6850
2.169,4.21,2.039,20,6870
4.219,0.729,2.769,10,6880
5.529,1.09,2.909,20,6900
5.589,1.639,3.069,30,6930
5.19,1.559,3.119,10,6940
6.15,1.74,3.059,30,6970
7.599,1.839,2.97,20,6990
8,3.009,2.529,20,7010
4.969,6.609,-0.439,20,7030
-2.929,19.229,-4.449,20,7050
-7.969,19.819,-3.919,20,7070
-12.599,19.819,-5.119,20,7090
-12.599,19.819,-5.119,10,7100
-12.019,19.819,-1.99,30,7130
-6.869,17.43,-1.819,20,7150
-4.4,13.619,-1.049,20,7170
-3.939,9.979,-1.36,20,7190
-4.489,8.67,-2.679,10,7200
-5.739,3.399,-3.829,30,7230
-5.449,-2.72,-4.73,10,7240
-8.779,-4.269,-7.089,30,7270
-9.229,-3.21,-6.989,20,7290
-8.84,-1.1,-6.219,20,7310
-6.599,2.099,-4.829,20,7330
-4.289,3.099,-3.779,20,7350
-3.47,2.649,-2.149,10,7360
-4.529,10.059,2.019,30,7390
-6.359,19.809,1.409,20,7410
-9.289,19.819,7.73,20,7430
-9.739,19.09,6.67,20,7450
-10.75,18.879,5.489,10,7460
-9.569,16.699,1.789,30,7490
-8.189,15.5,1.559,10,7500
-4.9,13.739,0.719,30,7530
-1.299,11.489,0.489,20,7550
0.509,9.76,0.75,20,7570
2.879,6.069,1.37,20,7590
4.509,3.159,1.579,20,7610
5.98,2.129,2.329,10,7620
6.549,1.159,3.75,30,7650
6.129,1.069,3.799,20,7670
6.119,1.09,3.419,20,7690
6.929,2.44,2.639,20,7710
6.929,2.44,2.639,19,7729
3.089,5.789,-0.699,21,7750
-2.869,17.02,-2.7,20,7770
-6.129,19.819,-1.649,20,7790
-10.409,19.819,-5.369,20,7810
-10.409,19.819,-5.369,10,7820
-15.25,19.819,-4.519,30,7850
-12.25,19.819,-1.73,20,7870
-7.669,17.94,-1.139,20,7890
-5.609,14,-1.25,20,7910
-4.869,9.869,-1.429,20,7930
-4.859,5.629,-2.589,20,7950
-5.159,-0.579,-4.969,20,7970
-5.849,-1.509,-6.119,20,7990
-9.289,-2.99,-7.569,20,8010
-9.599,-2.529,-7.109,20,8030
-8.109,-1.129,-6.039,20,8050
-5.889,1.399,-5.48,20,8070
-4.819,2.889,-4.319,20,8090
-5.029,3.069,-1.659,19,8109
-4.769,15.479,0.579,21,8130
-7.069,18.569,1.769,20,8150
-9.439,18.879,4.489,10,8160
-11.01,19.819,7.429,20,8180
-11.25,19.819,6.529,20,8200
-11.119,19.68,3.619,20,8220
-8.239,15.969,1.87,30,8250
-4.599,16.379,0.689,10,8260
-0.159,14.259,1.129,20,8280
2.419,8.67,2.25,20,8300
3.939,2.799,2.22,30,8330
4.389,1.99,2.269,20,8350
4.389,1.99,2.269,21,8371
5.619,0.839,2.529,9,8380
5.699,0.689,2.779,20,8400
5.109,0.429,2.629,30,8430
5.109,0.429,2.629,20,8450
6.71,1.769,2.5,10,8460
6.609,2.21,2.359,20,8480
4.44,4.349,0.079,30,8510
-7.919,19.819,-0.909,20,8530
-7.199,19.819,-2.849,20,8550
-7.199,19.819,-2.849,10,8560
-16.26,19.819,-3.159,30,8590
-14.409,19.819,-2.259,20,8610
-11.399,19.819,-1.929,10,8620
-6.889,13.71,-2.419,30,8650
-6.889,13.71,-2.419,20,8670
-5.9,3.309,-2.609,20,8690
-3.5,-3.329,-4.389,20,8710
-3.419,-6.389,-5.23,20,8730
-3.74,-6.649,-5.089,20,8750
-4.19,-3.879,-4.67,10,8760
-4.059,1.179,-4.75,30,8790
-4.489,1.709,-4.889,20,8810
-5.659,0.529,-5.139,20,8830
-5.659,0.529,-5.139,10,8840
-6.369,0.349,-2.679,30,8870
-14.019,16.629,-2.909,20,8890
-19.139,18.729,-0.939,20,8910
-16.319,19.819,-0.439,20,8930
-15.38,19.819,1.519,20,8950
-11.779,19.819,1.289,20,8970
-11.779,19.819,1.289,20,8990
-6.039,16.829,1.629,20,9010
-1.5,12.3,2.669,20,9030
-1.5,12.3,2.669,10,9040
-0.259,10.649,2.73,20,9060
1.659,6.909,2.579,20,9080
4.809,4.61,2.2,30,9110
7.239,2.849,2.549,20,9130
6.579,0.479,2.349,20,9150
6.579,0.479,2.349,10,9160
6.219,1.48,1.73,30,9190
5.549,2.259,1.979,20,9210
5.549,2.259,1.979,10,9220
4.989,2.5,2.109,20,9240
-2.359,9.63,-0.489,30,9270
-11.899,19.819,-1.549,20,9290
-13.63,19.819,-2.74,20,9310
-19.529,19.819,-4.279,20,9330
-18.75,19.819,-4.909,10,9340
-13.71,19.819,-4.73,30,9370
-8.819,15.479,-4.469,20,9390
-6.649,9.809,-2.99,20,9410
-4.449,5.069,-2.22,19,9429
-2.939,0.989,-2.759,21,9450
-2.97,-1.919,-4.889,20,9470
-4.699,-3.709,-5.699,10,9480
-5.929,-3.959,-5.699,30,9510
-7.719,-3.149,-5.42,10,9520
-8.229,-2.029,-5.369,30,9550
-7.489,-0.039,-4.859,10,9560
-5.92,0.539,-4.469,30,9590
-5.4,0.31,-3.23,20,9610
-5.4,0.31,-3.23,20,9630
-7.409,19.75,-2.73,20,9650
-7.409,19.75,-2.73,10,9660
-13.159,19.819,3.409,29,9689
-14.219,18.17,5.199,21,9710
-13.639,18.209,1.5,21,9731
-12.149,17.619,0.479,9,9740
-9.029,15.349,-0.039,20,9760
-4.809,14.719,-0.28,20,9780
2.009,7.569,2.69,30,9810
2.009,7.569,2.69,20,9830
3.659,1.449,3,20,9850
4.25,0.87,2.859,20,9870
4.849,0.589,2.75,10,9880
5.619,1.279,2.669,30,9910
5.059,1.379,2.25,20,9930
5.059,1.379,2.25,18,9948
5.299,1.379,2.099,22,9970
5.789,1.719,2.129,20,9990
4.409,4.039,0.289,20,10010
4.409,4.039,0.289,13,10023
-5.339,19.819,-3.429,24,10047
-8.069,19.819,-3.799,23,10070
-11.789,19.819,-2.339,20,10090
-15.889,19.819,-1.589,20,10110
-15.889,19.819,-1.589,10,10120
-6.71,16.069,-1.909,30,10150
-4.5,11.759,-2.629,20,10170
-4.5,11.759,-2.629,10,10180
-4.92,6.129,-2.269,30,10210
-4.099,2.429,-3.21,10,10220
-4.449,-1.659,-5.819,23,10243
-4.449,-1.659,-5.819,17,10260
-7.309,-3.339,-5.579,20,10280
-7.73,-1.86,-5.849,30,10310
-7.099,-0.199,-5.9,10,10320
-6.67,0.569,-5.9,21,10341
-5.099,1.75,-5.079,30,10371
-5.569,2.579,-1.269,9,10380
-6.399,8.119,-0.209,30,10410
-8.059,19.819,-0.859,10,10420
-13.329,19.819,2.5,30,10450
-13.579,18.619,2.129,20,10470
-13.579,18.619,2.129,20,10490
-9.659,14.479,1.23,20,10510
-3.599,14.899,0.25,20,10530
1.179,12.389,1.24,20,10550
1.179,12.389,2.069,20,10570
4.69,4.969,2.899,10,10580
5.369,1.769,2.579,30,10610
6.559,1.459,2.74,20,10630
7.069,1.289,2.889,14,10644
6.279,0.579,3.059,26,10670
5.679,0.579,2.869,10,10680
4.909,0.939,2.69,24,10704
5.69,1.949,2.869,26,10730
5.809,2.789,2.299,12,10742
-3.639,19.09,-1.559,28,10770
-3.639,19.09,-1.559,10,10780
-9.319,19.819,-2.75,20,10800
-13.949,19.819,-4.98,30,10830
-17.42,19.819,-3.609,9,10839
-12.969,19.819,-2.889,31,10870
-9.289,19.76,-3.319,10,10880
-7.279,15.96,-3.359,20,10900
-5.44,11.309,-2.72,30,10930
-3.789,1.37,-2.569,20,10950
-3.449,-0.56,-3.389,10,10960
-3.189,-4.319,-5.509,20,10980
-4.92,-6.25,-7.009,30,11010
-7.549,-2.889,-7.5,20,11030
-8.449,-0.239,-7.629,20,11050
-8.449,-0.239,-7.629,10,11060
-8.279,2.139,-7.259,30,11090
-6.629,5.589,-1.909,20,11110
-6.629,5.589,-1.909,20,11130
-3.899,19.819,2.089,20,11150
-8.849,19.819,4.4,22,11172
-10.139,19.819,5.559,8,11180
-12.859,17.729,-0.34,30,11210
-12.859,17.729,-0.34,10,11220
-7.809,13.849,-1.61,20,11240
-7.809,13.849,-1.61,20,11260
-0.269,11.819,-2.029,20,11280
-0.269,11.819,-2.029,20,11300
3.519,5.5,0.31,30,11330
4.15,2.48,2.779,20,11350
4.469,1.09,4.319,20,11370
5.21,0.829,4.779,20,11390
5.859,1.779,4.659,20,11410
7.579,3.25,4.94,10,11420
8.979,2.029,5.569,30,11450
10.309,0.829,5.159,20,11470
11.149,1.909,3.669,10,11480
8.389,5.049,1.11,30,11510
6.349,10.479,-1.699,20,11530
-10.3,19.819,-1.1,20,11550
-10.3,19.819,-1.1,10,11560
-13.84,19.819,-6.909,20,11580
-15.069,19.819,-4.869,20,11600
-7.279,19.049,-3.46,30,11630
-5.949,9.46,-4.69,20,11650
-5.949,9.46,-4.69,10,11660
-5.15,2.679,-3.619,30,11690
-3.619,-1.639,-4.259,10,11700
-2.47,-5.46,-6.25,20,11720
-5.509,-4.809,-6.519,30,11750
-6.289,-2.589,-6.409,20,11770
-6.399,-0.25,-7.289,20,11790
-6.19,0.819,-7.599,10,11800
-5.67,2.909,-6.929,30,11830
-7.039,3.689,-1.939,20,11850
-8.449,16.659,-4.929,20,11870
-13.729,19.819,-6.139,10,11880
-17.77,19.819,1.49,30,11910
-19.309,19.819,2.549,20,11930
-16.69,19.819,0.039,10,11940
-11.369,18.869,-0.409,30,11970
-7.929,15.849,-0.37,20,11990
-1.11,15.329,-1.069,20,12010
5.429,8.96,1.35,20,12030
5.989,5.259,2.619,20,12050
5.309,5.259,3.049,20,12070
4.809,2.829,3.389,20,12090
5.699,-0.569,3.72,20,12110
5.699,-0.569,3.72,19,12129
5.4,0.039,2.019,21,12150
5.269,0.409,1.74,20,12170
5.259,0.779,1.75,19,12189
5.139,1.99,2.159,21,12210
4.889,2.649,1.849,10,12220
4.889,2.649,1.849,20,12240
-11.189,19.819,-2.419,33,12273
-11.189,19.819,-2.419,7,12280
-10.389,19.819,-0.429,30,12310
-11.67,19.819,-1.069,20,12330
-11.67,19.819,-1.069,20,12350
-4.279,19.1,-0.399,20,12370
-3.72,16.649,-0.049,10,12380
-3.869,8.72,-1.829,30,12410
-4.809,1.889,-4.089,20,12430
-4.819,-3,-6.699,29,12459
-4.819,-3,-6.699,11,12470
-6.519,-4.319,-7.579,20,12490
-6.519,-4.319,-7.579,10,12500
-8.729,-1.959,-7.219,20,12520
-6.769,1.22,-5.359,30,12550
-4.9,1.439,-4.569,20,12570
-4.719,2.069,-4.13,20,12590
-6.659,10.019,2.019,10,12600
-5.269,19.819,1.419,20,12620
-8.01,19.399,4.569,30,12650
-10.949,19.819,3.389,20,12670
-11.869,19.279,5.139,20,12690
-10.609,17.379,3.449,10,12700
-7.769,14.729,1.49,30,12730
-5.17,12.55,-0.099,20,12750
-4.259,13.159,-0.529,10,12760
-1,13.269,-0.689,30,12790
3.369,7.409,1.5,20,12810
6.92,0.589,3.549,20,12830
7.629,0.219,3.689,10,12840
7.519,0.839,3.609,30,12870
6.69,0.989,3.23,9,12879
5.23,1.25,2.639,31,12910
5.039,1.889,2.47,10,12920
6.049,3.279,2.619,20,12940
6.75,4.989,2.279,20,12960
3.73,9.019,-0.07,20,12980
1.449,14.909,-1.019,19,12999
-5.339,19.819,-0.029,21,13020
-8.42,19.819,-3.889,20,13040
-15.88,19.819,-7.119,30,13070
-15.049,19.819,-7.069,20,13090
-15.049,19.819,-7.069,19,13109
-11.279,11.309,-4.559,21,13130
-9.46,9.46,-2.549,9,13139
-3.189,4.719,-1.019,31,13170
-0.979,-2.389,-2.879,20,13190
-2.569,-5.96,-5.869,20,13210
-2.569,-5.96,-5.869,20,13230
-8.38,-2.679,-6.909,9,13239
-8.849,0.56,-6.25,31,13270
-8.109,1.149,-7.349,20,13290
-8.109,1.149,-7.349,10,13300
-6.719,0.239,-4.969,20,13320
-8.21,8.84,-0.639,30,13350
-8.21,8.84,-0.639,10,13360
-6.989,19.819,-2.129,30,13390
-18.67,19.819,3.619,10,13400
-15.329,17.729,1.709,30,13430
-8.67,18.199,0.059,20,13450
-5.769,17.729,-0.349,20,13470
-3.769,15.96,-0.079,10,13480
4.069,7.17,2.23,30,13510
4.9,5.409,2.549,20,13530
5.619,1.979,2.379,20,13550
6.899,2.429,2.589,20,13570
6.899,2.429,2.589,20,13590
6.339,2.24,3.019,10,13600
4.759,0.87,3.089,20,13620
4.589,0.55,2.899,20,13640
6.199,0.939,3.449,30,13670
6.579,1.009,4,10,13680
4.449,5.859,1.689,20,13700
-3.25,18.34,-1.689,22,13722
-3.25,18.34,-1.689,18,13740
-12.38,19.819,-4.339,20,13760
-15.599,19.819,-6.15,21,13781
-18.549,19.819,-5.949,19,13800
-12.949,19.819,-6.779,20,13820
-5.109,12.189,-3.929,30,13850
-5.109,12.189,-3.929,10,13860
-4.449,7.46,-1.929,30,13890
-1.74,3.029,-2.799,10,13900
-1.719,-1.61,-3.339,20,13920
-4.559,-4.809,-5.469,20,13940
-7.119,-4.94,-5.789,20,13960
-8.51,-2.95,-5.509,30,13990
-6.48,1.199,-5.639,20,14010
-6.48,1.199,-5.639,20,14030
-4.049,1.75,-5.009,10,14040
-5.759,5.809,1.09,30,14070
-5.759,5.809,1.09,20,14090
-7.96,19.819,-1.09,20,14110
-12.17,19.819,1.569,20,14130
-12.17,19.819,1.569,10,14140
-8.979,17.92,5.869,30,14170
-8.149,16.869,3.929,10,14180
-5.44,17.75,1.789,30,14210
0.529,13.599,2.079,20,14230
3.429,8.389,2.629,20,14250
4.67,3.97,2.879,21,14271
4.67,3.97,2.879,19,14290
5.69,1.25,3.46,19,14309
5.429,0.459,4.17,21,14330
5.429,0.459,4.17,19,14349
6.099,0.019,3.22,23,14372
6.099,0.019,3.22,8,14380
8.88,0.17,2.569,30,14410
7.909,1.549,-0.129,20,14430
3.699,12.769,-4.589,20,14450
-4.48,19.819,-7.559,21,14471
-6.869,19.819,-7.149,9,14480
-13.38,19.819,-9.329,30,14510
-18.459,19.819,-7.539,10,14520
-13.619,19.819,-3.919,29,14549
-7.079,17,-2.559,21,14570
-3.339,12.869,-1.35,20,14590
-3.339,12.869,-1.35,20,14610
-1.709,5.599,-1.799,10,14620
-3.709,0.769,-2.079,30,14650
-5.599,-6.789,-4.549,20,14670
-5.599,-6.789,-4.549,10,14680
-8.269,-4.779,-6.17,30,14710
-7.949,0.14,-6.659,20,14730
-7.029,2.619,-6.23,20,14750
-6.73,3.119,-5.67,20,14770
-6.529,4.009,-5.049,20,14790
-5.44,18.989,0.68,19,14809
-9.3,19.819,1.159,21,14830
-11.969,19.819,2.919,20,14850
-9.729,19.819,2.879,20,14870
-9.159,19.819,2.879,20,14890
-8.17,18.02,1.509,20,14910
-3.929,13.96,1.23,20,14930
-1.09,10.079,1.019,20,14950
1.539,7.69,1.279,20,14970
2.579,6.139,1.689,20,14990
3.98,1.899,2.579,20,15010
5.269,0.989,2.669,20,15030
5.789,0.849,2.829,20,15050
6.139,0.14,2,20,15070
6.139,0.14,2,20,15090
5.75,0.31,1.689,10,15100
6.129,1.1,2.289,30,15130
6.159,1.639,2.429,19,15149
4.019,6.069,0.039,21,15170
-9.119,19.819,-3.549,20,15190
-12.349,19.819,-5.44,9,15199
-14.92,19.819,-4.889,31,15230
-19.459,19.819,-7.449,20,15250
-19.549,19.819,-4.219,20,15270
-18.1,19.819,-4.11,10,15280
-14.899,18.67,-2.119,20,15300
-0.389,7.829,-0.099,30,15330
-0.389,7.829,-0.099,19,15349
1.039,1.079,-1.299,21,15370
-0.5,-2.46,-2.349,20,15390
-1.389,-3.889,-2.879,20,15410
-3.019,-7.059,-4.529,20,15430
-4.039,-3.689,-5.25,20,15450
-4.039,-3.689,-5.25,20,15470
-6.219,1.029,-5.609,10,15480
-8.13,2.99,-0.959,40,15520
-8.13,2.99,-0.959,9,15529
-10.859,17.989,-1.73,21,15550
-13.689,17.25,0.479,30,15580
-9.689,19.529,4.289,20,15600
-8.529,17.369,4.389,10,15610
-9.05,15.649,3.22,30,15640
-6.699,12.639,3.049,10,15650
-3.959,12.92,2.819,20,15670
-2.799,12.889,2.819,10,15680
-0.449,9.899,3.259,30,15710
-0.449,9.899,3.259,10,15720
0.839,4.36,2.98,20,15740
0.839,4.36,2.98,20,15760
3.019,-0.019,2.45,30,15790
5.349,0.31,2.71,19,15809
6.409,0.659,2.619,23,15832
6.469,1.049,2.869,8,15840
6.079,1.979,3.679,30,15870
3.909,6.679,1.019,20,15890
-1.86,17.68,-1.689,20,15910
-1.86,17.68,-1.689,19,15929
-9.519,19.819,-2.369,21,15950
-15.5,19.819,-4.98,20,15970
-15.5,19.819,-4.98,10,15980
-14.489,19.819,-4.069,30,16010
-10.679,19.819,-3.819,20,16030
-7.98,12.799,-2.679,20,16050
-6.17,6.96,-1.629,20,16070
-5.73,5.009,-1.659,9,16079
-4.269,-0.93,-4.48,35,16114
-4.23,-1.719,-5.239,7,16121
-4.639,-2.46,-5.699,29,16150
-5.719,-0.909,-5.029,20,16170
-5.719,-0.909,-5.029,20,16190
-5.429,0.74,-4.63,20,16210
-4.98,0.819,-4.349,20,16230
-4.9,0.789,-3.569,10,16240
-6.019,5.869,0.949,30,16270
-9.779,19.659,1.459,20,16290
-12.509,18.889,2.73,9,16299
-13.599,19.819,1.899,31,16330
-12.429,16.969,1.559,20,16350
-7.48,15.88,0.17,20,16370
-7.48,15.88,0.17,10,16380
-0.759,14.71,0.61,30,16410
0.589,13.21,1.279,10,16420
3.859,6.799,3.029,30,16450
3.859,6.799,3.029,20,16470
5.4,2.96,3.589,20,16490
7.799,0.699,3.529,20,16510
7.149,0.939,3.519,20,16530
5.769,1.579,3.279,20,16550
5.179,1.849,3.069,9,16559
4.5,2.289,2.549,21,16580
4.389,4.019,1.469,30,16610
3.98,5.199,0.62,20,16630
3.98,5.199,0.62,10,16640
0.519,12.34,-2.799,20,16660
-7,19.819,-3.119,30,16690
-13.779,19.819,-5.42,20,16710
-14.489,19.819,-4.46,10,16720
-12.149,19.549,-2.829,30,16750
-10.219,17.809,-2.359,10,16760
-6.46,14.729,-1.539,20,16780
-5.069,9.88,-0.25,30,16810
-3.169,6.579,0,20,16830
-1.179,2.599,-0.889,10,16840
-1.49,-1.639,-3.039,30,16870
-5.469,-4.61,-6.289,20,16890
-6.96,-2.819,-6.44,20,16910
-7.419,-1.009,-6.399,20,16930
-6.129,0.589,-6.19,20,16950
-5.13,1.019,-5.779,20,16970
-5.029,8.319,-0.719,20,16990
-5.98,17.319,-1.549,20,17010
-11.71,17.799,1.659,20,17030
-11.71,17.799,1.659,20,17050
-12.489,19.819,3.059,20,17070
-12.489,19.819,3.059,10,17080
-12.88,17.979,1.419,30,17110
-5.289,13.359,0.829,20,17130
-1.879,12.559,1.019,20,17150
2.799,9.289,1.709,20,17170
2.799,9.289,1.709,10,17180
4.949,3.539,3.319,30,17210
6.759,2.579,3.349,20,17230
8.179,1.979,3.689,20,17250
9,-0.399,3.97,20,17270
6.929,-0.74,3.339,20,17290
5.349,0.179,2.659,20,17310
4.92,1.49,2.19,20,17330
5.359,3.529,1.629,20,17350
5.359,3.529,1.629,20,17370
4.88,19.02,0.059,10,17380
-1.539,19.819,-2.24,30,17410
-7.679,19.819,-1.799,20,17430
-6.23,19.819,-0.17,20,17450
-4.25,18.879,0.379,20,17470
-3.289,17.859,0.529,9,17479
-2.279,14.159,0.74,30,17509
-2.079,8.72,0.469,21,17530
-2.649,5.519,-0.469,20,17550
-2.71,3.879,-1.22,10,17560
-2.419,0.859,-3.059,20,17580
-2.859,-2.24,-6.159,30,17610
-6.049,-0.659,-6.889,10,17620
-7.589,0.68,-6.719,30,17650
-9.55,2.429,-6.009,20,17670
-6.859,3.759,-6.259,20,17690
-5.389,5.789,-0.319,10,17700
-5.299,9.25,3.97,20,17720
-4.449,17.989,1.959,30,17750
-5.67,19.789,2.889,20,17770
-8.26,19.819,8.699,20,17790
-8,19.819,9.63,20,17810
-8,19.819,9.63,10,17820
-4.619,16.94,7.819,20,17840
-0.519,14.92,3.059,30,17870
0.849,13.349,2.049,10,17880
3.679,9.099,0.259,20,17900
3.259,1.849,-1.259,30,17930
3.609,-2.279,-0.439,20,17950
2.059,-1.25,1.209,20,17970
2.059,-1.25,1.209,10,17980
1.919,0.389,1.319,30,18010
3.22,0.859,1.909,20,18030
4.36,-0.059,1.809,20,18050
4.929,-0.419,2.769,10,18060
4.179,3.179,4.819,30,18090
2.2,19.26,5,20,18110
-1.379,19.819,3.289,10,18120
-1.379,19.819,3.289,20,18140
-5.699,15.909,4.21,20,18160
-10.92,19.819,0.93,20,18180
-11.179,19.819,-0.429,30,18210
-10.409,19.819,-1.449,20,18230
-10.599,17.699,-2.429,9,18239
-9.039,11.609,-1.899,31,18270
-5.44,8.55,-1.199,10,18280
-2.019,5.519,-1.889,30,18310
-1.549,-0.689,-3.429,20,18330
-4.519,-3.72,-7.039,20,18350
-6.819,-1.279,-6.75,20,18370
-7.599,-0.229,-6.029,20,18390
-7.69,1.199,-6.17,20,18410
-7.879,1.809,-6.379,20,18430
-7.75,2.519,-5.759,10,18440
-5.809,12.84,-0.359,30,18470
-6.73,15.259,-1.709,10,18480
-9.13,15.159,-1.559,30,18510
-15.509,17.329,1.259,20,18530
-16.399,19.5,1.539,10,18540
-14.189,17.529,0.509,20,18560
-7.73,14.319,-0.119,30,18590
-3.689,13.17,0.62,20,18610
-3.689,13.17,0.62,20,18630
2.289,8.179,3.359,20,18650
3.619,4.619,3.829,20,18670
3.619,4.619,3.829,20,18690
6.019,0.979,3.799,20,18710
6.759,0.669,3.48,20,18730
6.759,0.669,3.48,19,18749
4.63,0.68,2.409,23,18772
4.36,0.849,2.18,8,18780
7.259,2.529,3.029,30,18810
7.019,2.909,3.009,20,18830
-3.699,19.77,-1.149,20,18850
-9.059,19.819,-0.729,20,18870
-10.67,19.819,-0.529,20,18890
-13.34,19.819,-2.2,20,18910
-10.269,19.819,-1.079,20,18930
-9.409,19.819,-0.849,9,18939
-8.21,19.819,-0.959,31,18970
-8.019,18.049,-1.1,9,18979
-8.639,13.17,-2.2,31,19010
-6.099,3.829,-3.99,20,19030
-5.049,0.659,-4.299,10,19040
-2.839,-2.619,-5.739,20,19060
-3.75,-9.409,-8.689,29,19089
-4.63,-3.589,-8.229,21,19110
-5.429,0.34,-6.819,20,19130
-5.429,0.34,-6.819,20,19150
-5.489,1.009,-4.549,20,19170
-5.489,1.009,-4.549,9,19179
-8.46,9.67,0.079,21,19200
-15.089,19.649,1.409,30,19230
-18.359,19.819,2.47,20,19250
-17.92,19.819,2.889,10,19260
-13.219,17.369,2.349,20,19280
-13.149,13.559,2.24,20,19300
-5.42,12.309,-0.56,30,19330
-5.42,12.309,-0.56,19,19349
-0.969,10.429,0.799,21,19370
0.589,8.96,1.519,10,19380
4.079,3.699,3.369,30,19410
4.079,3.699,3.369,20,19430
4.929,1.469,3.859,20,19450
6,0.87,4.069,20,19470
6,0.87,4.069,20,19490
5.799,0.829,3.72,20,19510
5.009,0.989,3.279,20,19530
4.61,1.419,3.119,10,19540
3.369,7.519,1.159,20,19560
-14.199,19.819,-0.319,30,19590
-14.099,19.819,1.199,20,19610
-11,19.819,0.699,20,19630
-13.329,19.819,-1.12,10,19640
-8.26,19.819,-1.709,30,19670
-6.23,14.369,-2.599,20,19690
-6.879,10.319,-2.7,20,19710
-6.239,6.759,-2.159,20,19730
-4.38,3.619,-2.339,19,19749
-3.189,1.1,-3.029,21,19770
-2.74,-0.019,-3.429,20,19790
-2.109,-1.09,-4.779,10,19800
-3.029,-2.909,-6,30,19830
-5.69,-1.919,-6.159,20,19850
-7.569,-1.22,-5.67,20,19870
-7.46,-0.56,-5.23,14,19884
-6.029,0.329,-4.63,26,19910
-6.42,5.909,0.209,20,19930
-6.42,5.909,0.209,20,19950
-10.559,15.939,3.189,20,19970
-12.759,18.739,3.709,12,19982
-12.759,18.739,3.709,28,20010
-10.969,17.639,2.289,20,20030
-9.849,16.76,1.36,20,20050
-9.849,16.76,1.36,20,20070
-3.159,15.5,0.299,20,20090
0.009,12.59,1.159,20,20110
2.18,5.699,2.669,40,20150
2.24,2.169,3.389,20,20170
3.22,1.029,3.029,20,20190
4.079,0.61,3.029,19,20209
5.73,0.019,3.589,21,20230
5.46,1.189,3.439,20,20250
5.46,1.189,3.439,20,20270
5.519,2.559,3.349,13,20283
5.17,5.579,1.74,27,20310
-1.36,19.52,-1.36,19,20329
-5.329,19.819,-0.759,21,20350
-6.15,19.819,-2.119,20,20370
-10.149,19.819,-4.679,19,20389
-13,19.819,-2.23,21,20410
-10.149,19.819,-1.079,20,20430
-6.44,17.639,-1.169,9,20439
-4.049,13.119,-1.399,31,20470
-4.219,8.72,-1.439,20,20490
-4.219,8.72,-1.439,10,20500
-4.809,3.319,-3.22,29,20529
-4.199,-2.21,-5.259,21,20550
-5.13,-4.529,-5.73,20,20570
-6.409,-3.859,-5.489,20,20590
-6.699,-2.97,-5.46,9,20599
-5.75,1.259,-5.98,31,20630
-4.509,2.619,-5.559,20,20650
-4.509,2.619,-5.559,10,20660
-4.88,8.239,0.87,30,20690
-4.369,19.809,0.089,10,20700
-10.819,19.819,2.119,29,20729
-14.34,19.819,4.769,21,20750
-11.17,18.819,4.65,20,20770
-11.17,18.819,4.65,10,20780
-3.529,14.269,2.69,30,20810
-0.17,10.76,1.719,20,20830
0.539,10.199,1.36,20,20850
2.309,8.389,1.289,9,20859
3.429,5.219,1.879,31,20890
2.799,0.14,3.339,19,20909
2.539,-1.149,3.549,20,20929
2.47,-0.979,3.259,21,20950
2.889,1.059,2.899,20,20970
3.23,2.099,2.74,19,20989
4.599,2.47,2.369,21,21010
5.46,1.389,2.779,20,21030
5.639,1.23,3.089,19,21049
4.519,5.859,2.149,21,21070
0.969,19.319,-0.949,20,21090
-5.049,19.819,-0.109,20,21110
-9.92,19.819,-2.339,19,21129
-13.479,19.819,-2.149,21,21150
-11.399,19.819,-1.149,20,21170
-7.669,19.319,-2.829,20,21190
-7.349,14.779,-3.199,9,21199
-6.639,11.179,-3.549,31,21230
-5.199,5.569,-3.509,20,21250
-3.809,2.569,-4.219,20,21270
-2.809,0.55,-5.73,19,21289
-4.339,-1.659,-6.379,21,21310
-7.849,-2.879,-5.92,20,21330
-8.649,-1.769,-6.449,20,21350
-9.039,1.079,-6.849,20,21370
-5.929,2.629,-6.15,19,21389
-4.079,1.979,-3.98,21,21410
-3.99,6.67,1.209,20,21430
-3.99,6.67,1.209,19,21449
-6.17,15.579,0.239,21,21470
-7.909,17.209,1.75,20,21490
-7.909,17.209,1.75,20,21510
-14.479,19.51,0.639,20,21530
-14.759,19.819,-0.099,19,21549
-7.46,15.339,-1.059,21,21570
-5.279,14.439,-0.829,20,21590
0.889,11.559,0.049,10,21600
4.19,8.409,1.589,30,21630
4.19,8.409,1.589,20,21650
4.779,4.469,3.569,20,21670
5.109,3.609,3.829,15,21685
6.739,1.659,4.269,25,21710
7.599,1.1,4.619,20,21730
7.599,1.1,4.619,10,21740
7.019,1.35,4.36,20,21760
6.699,1.389,3.72,21,21781
5.639,4.799,0.629,29,21810
-3,19.819,-2.789,20,21830
-3,19.819,-2.789,19,21849
-8.09,19.819,-2.619,21,21870
-9.22,19.819,-5.469,20,21890
-11.09,19.819,-3.759,19,21909
-8.55,19.819,-1.819,21,21930
-4.679,15.869,-1.839,20,21950
-2.99,13.049,-2.339,20,21970
-2.579,12.09,-2.429,9,21979
-3.72,9.099,-2.589,31,22010
-4.21,7.5,-2.859,20,22030
-5.23,2.45,-5.079,10,22040
-6.73,-0.579,-6.42,30,22070
-8.47,-2.2,-6.239,10,22080
-8.559,-0.449,-6.519,30,22110
-7.629,0.419,-6.609,20,22130
-7.079,0.81,-5.819,20,22150
-7.079,0.81,-5.819,10,22160
-5.259,6.889,-0.319,20,22180
-5.259,6.889,-0.319,20,22200
-8.439,18.02,-1.959,20,22220
-11.409,19.819,-0.179,20,22240
-12.369,19.819,2.079,30,22270
-12.05,19.819,0.179,10,22280
-8.869,19.809,-1.11,30,22310
-4.11,16.75,-2.099,20,22330
-1.24,14.479,-2.389,20,22350
1.529,10.889,-2.71,20,22370
2.169,9.769,-2.589,10,22380
3.189,7.489,-1.629,30,22410
4.429,6.069,0.179,20,22430
5.15,5.21,0.849,20,22450
6.129,3.329,2.049,10,22460
6.609,2.7,2.089,20,22480
7.789,2.7,2.519,30,22510
6.519,2.569,2.919,10,22520
5.139,2.789,2.389,30,22550
-6.039,10.09,0.639,20,22570
-10.269,14.219,1.579,20,22590
-9.17,15.339,1.419,20,22610
-9.59,17.399,2.49,20,22630
-11.519,18.369,1.949,20,22650
-12.909,18.02,1.519,20,22670
-13.049,16.619,1.399,10,22680
-11.09,15.689,-0.87,20,22700
-7.509,12.96,-2.23,30,22730
-6.929,7.969,-2.169,20,22750
-6.929,7.969,-2.169,10,22760
-6.909,3.189,-2.919,20,22780
-6.789,1.1,-3.129,20,22800
-10.199,-4.219,-6.079,30,22830
-10.199,-4.219,-6.079,10,22840
-9.619,-2.939,-6.259,30,22870
-7.049,-0.159,-5.549,20,22890
-6.119,1.209,-0.459,20,22910
-8.01,19.819,4.529,20,22930
-16.069,19.819,2,20,22950
-10.849,13.369,8.84,10,22960
-15.799,17.719,10.949,30,22990
-7.839,18.209,3.699,20,23010
-7.839,18.209,3.699,20,23030
-9.349,14.059,0.689,10,23040
-6.42,10.609,-0.459,20,23060
-2.18,6.389,-0.599,30,23090
1.939,4.059,0.009,20,23110
3.609,3.509,0.74,20,23130
3.609,3.509,0.74,20,23150
6.139,1.25,1.309,20,23170
5.589,-0.359,1.24,20,23190
4.46,-0.019,1.139,20,23210
4.299,0.509,1.559,20,23230
4.279,0.81,2.069,9,23239
2.919,3.319,2.269,34,23273
2.919,3.319,2.269,16,23289
-0.199,19.819,3.909,20,23309
-1.849,19.819,6.409,21,23330
-2.559,19.819,6.42,19,23349
-1.36,19.819,6.849,21,23370
-1.25,19.819,5.549,20,23390
-1.99,19.819,5.329,19,23409
-4.17,19.819,3.359,20,23429
-8.5,17.699,-0.229,21,23450
-9.34,9.25,-2.369,20,23470
-9.34,9.25,-2.369,20,23490
-3.799,1.99,-4.589,20,23510
-2.519,-1.179,-4.809,20,23530
-2.519,-1.179,-4.809,19,23549
-4.159,-1.49,-6.549,21,23570
-4.63,-0.199,-6.849,20,23590
-4.63,-0.199,-6.849,10,23600
-2.409,-0.879,-8.149,20,23620
-1.75,-0.779,-8.96,20,23640
-3.429,1.419,-7.44,30,23670
-3.429,1.419,-7.44,10,23680
-8.619,19.819,-0.859,30,23710
-11.469,19.619,3.5,20,23730
-10.849,19.819,5.029,20,23750
-9.449,19.819,5.039,20,23770
-8.72,19.819,4.42,10,23780
-7.599,18.26,3.879,20,23800
-6.219,12.909,3.509,30,23830
-1.659,7.849,2.899,20,23850
-0.14,5.46,2.47,22,23872
-0.14,5.46,2.47,8,23880
0.129,2.21,1.969,30,23910
0.519,0.969,1.73,10,23920
3.029,-0.81,2.589,30,23950
3.019,-1.62,2.649,20,23970
2.669,-2.059,2.119,10,23980
1.719,-0.859,-0.229,30,24010
0.439,6.299,-2.279,20,24030
-2.909,19.819,0.459,20,24050
-7.659,19.819,4.949,20,24070
-7.659,19.819,4.949,20,24090
-7.529,19.819,1.24,20,24110
-6.17,19.819,1.949,20,24130
-6.17,19.819,1.949,10,24140
-3.339,19.819,2.409,20,24160
-4.11,14.449,-3.569,30,24190
-8.769,10.579,-5.789,10,24200
-9,4.139,-5.98,30,24230
-7.71,2.5,-6.109,20,24250
-5.179,-1.389,-5.509,20,24270
-4.719,-2.75,-5.13,10,24280
-4.389,-5.049,-4.079,30,24310
-4.369,-4.42,-4.19,10,24320
-4.009,-2.71,-4.67,30,24350
-3.629,-2.23,-4.509,20,24370
-2.259,-2.509,-4.509,20,24390
-1.99,-1.719,-4.969,20,24410
-3,0.019,-3.99,20,24430
-4.589,3.109,-2.319,20,24450
-7.19,17.289,-2.419,10,24460
-12.25,19.819,0.179,30,24490
-16.219,19.819,1.649,10,24500
-11.479,19.819,3.379,30,24530
-5.9,14.439,3.539,20,24550
-2.019,11.819,2.44,20,24570
1.009,8.92,2.069,20,24590
1.87,6.859,2.109,19,24609
2.539,4.969,2.159,21,24630
3.559,3.679,2.389,20,24650
3.559,3.679,2.389,20,24670
5.42,3.699,4.179,20,24690
5.519,2.47,5.009,20,24710
5.519,2.47,5.009,20,24730
5.279,0.049,4.409,20,24750
6.339,0.819,4.23,20,24770
5.989,5.269,0.239,20,24790
-5.25,19.819,-1.659,20,24810
-12.719,19.819,-5.339,20,24830
-10.84,19.819,-7.359,20,24850
-14.599,19.819,-7.109,20,24870
-15.219,19.819,-3.869,10,24880
-8.22,18.609,-1.459,30,24910
-8.22,18.609,-1.459,20,24930
-4.079,14.269,-0.859,10,24940
-5.619,8.059,-0.14,30,24970
-4.539,5.019,-3.429,10,24980
-4.779,1.319,-5.079,30,25010
-8.289,-3.019,-8.22,20,25030
-10.199,-3.379,-8.619,20,25050
-8.569,-2.529,-7.799,10,25060
-5.629,-1.519,-6.089,30,25090
-3.179,-0.56,-4.96,20,25110
-3.179,-0.56,-4.96,20,25130
-5.859,6.289,2.519,20,25150
-3.849,19.819,1.879,20,25170
-3.849,19.819,1.879,20,25190
-10.689,19.819,5.9,20,25210
-9.849,19.819,8.109,20,25230
-10.42,19.42,7.019,10,25240
-10.779,16.909,4.039,30,25270
-7.449,13.329,1.459,20,25290
-1.629,11.569,0.239,20,25310
1.669,7.279,1.039,10,25320
4.239,2.559,2.109,30,25350
6.259,2,2.659,20,25370
7.449,1.99,2.929,20,25390
8.789,0.689,4.079,20,25410
7.44,-0.87,4.059,20,25430
7.079,-2.139,3.099,20,25450
7.079,-2.139,3.099,21,25471
9.679,-0.159,2.5,19,25490
9.179,1.1,1.829,10,25500
7.949,3.189,0.009,20,25520
-3.319,19.819,-3.579,30,25550
-15.989,19.819,-5.569,20,25570
-16.789,19.819,-5.829,10,25580
-16.779,19.819,-4.36,20,25600
-11.559,19.819,-3.379,30,25630
-6.71,15.439,-2.129,20,25650
-6.71,15.439,-2.129,20,25670
-5.219,5.319,-2.009,10,25680
-4.019,0.059,-2.429,30,25710
-3.849,-0.859,-3.059,20,25730
-5.19,-3.389,-5.949,20,25750
-9.719,-2.009,-7.259,20,25770
-10.739,0.509,-7.119,20,25790
-8.199,2.69,-7.539,19,25809
-6.719,2.23,-7.669,21,25830
-4.96,5.9,-0.389,20,25850
-3.97,19.609,-1.679,20,25870
-8.179,19.819,-0.029,20,25890
-15.099,19.819,5.5,20,25910
-15.099,19.819,5.5,20,25930
-11.479,19.819,4.219,20,25950
-10.63,19.539,2.759,20,25970
-6.539,16.35,1.449,20,25990
1.339,11.34,1.259,20,26010
1.339,11.34,1.259,10,26020
2.149,5.389,1.689,30,26050
2.19,2.639,1.699,20,26070
2.19,2.639,1.699,10,26080
6.69,2.029,-0.019,20,26100
7.75,-1.059,1.139,30,26130
6.44,-1.919,1.959,20,26150
6.44,-1.919,1.959,9,26159
6.409,-1.399,5.15,21,26180
6.829,2.649,5.929,30,26210
6.159,12.689,0.68,20,26230
0.759,19.819,-0.469,20,26250
-2.819,19.819,-0.289,9,26259
-7.21,19.819,-6.73,21,26280
-13.439,19.819,-8.319,29,26309
-13.559,19.819,-4.819,21,26330
-4.889,19.02,-5.509,20,26350
-3.559,13.759,-4.809,22,26372
-4.4,9.5,-3.24,18,26390
-3.329,6.029,-2.139,20,26410
-2.99,-1.059,-4.969,20,26430
-3.039,-2.809,-5.859,10,26440
-2.7,-5.44,-6.799,30,26470
-3.449,-6.449,-6.73,10,26480
-5,-4.119,-6.559,20,26500
-5.609,-0.699,-6.92,20,26520
-6.629,0.659,-5.969,30,26550
-6.629,0.659,-5.969,20,26570
-9.929,4.579,-0.109,10,26580
-10.38,18.35,-0.119,20,26600
-14.179,19.819,-0.049,20,26620
-14.619,19.819,1.199,20,26640
-17.959,19.819,3.389,20,26660
-12.09,19.729,0.439,30,26690
-3.24,14.929,0.119,20,26710
-1.159,14.219,0.17,20,26730
0.589,13.21,0.399,20,26750
3.099,9.389,1.23,20,26770
5.219,2.019,2.379,20,26790
6.199,0.61,2.49,20,26810
6.199,0.61,2.49,20,26830
7.629,-0.639,3.319,10,26840
5.329,1.079,2.839,30,26870
4.36,3.439,3.009,20,26890
5,2.869,3.669,19,26909
5.929,2.2,3.669,21,26930
5.92,3.079,2.339,20,26950
5.92,3.079,2.339,10,26960
-6.399,19.819,-3.309,20,26980
-10.039,19.819,-3.97,30,27010
-16.629,19.819,-4.069,20,27030
-17.459,19.819,-3.929,10,27040
-9.929,19.819,-4.11,30,27070
-7.969,19.09,-4.049,10,27080
-6.719,16.949,-3.809,30,27110
-5.159,8.25,-2.95,10,27120
-4.969,3.789,-1.709,20,27140
-3.609,-1.719,-3.049,30,27170
-2.629,-5.23,-5.349,20,27190
-6.539,-5.719,-7.21,20,27210
-9.519,-3.689,-6.649,10,27220
-8.92,1.879,-7.159,30,27250
-7.789,3.189,-7.94,20,27270
-5.279,0.849,-7.649,20,27290
-6.889,9.84,-1.709,20,27310
-9.25,19.819,-3.179,20,27330
-19.439,19.819,1.22,20,27350
-19.439,19.819,1.22,20,27370
-15.309,19.819,2.409,20,27390
-10.969,18.129,0.219,20,27410
-5.569,15.439,-1.11,20,27430
-5.569,15.439,-1.11,20,27450
0.029,12.25,-0.789,20,27470
3.46,9.689,0.81,20,27490
4.799,3.819,2.97,20,27510
4.699,2.559,3.129,10,27520
4.67,1.129,3.079,20,27540
5.839,0.769,3.47,30,27570
5.94,0.819,3.25,20,27590
5.539,1.149,2.569,20,27610
5.759,1.11,2.48,20,27630
6.799,1.679,3.049,20,27650
5.389,3.059,1.87,20,27670
5.389,3.059,1.87,19,27689
-10.239,19.819,-4.219,21,27710
-12,19.819,-3.139,20,27730
-15.769,19.819,-2.009,19,27749
-17.159,19.819,-2.089,21,27770
-12.799,19.819,-0.789,20,27790
-6.179,18.309,0.93,20,27810
-2.789,9.84,0.539,20,27830
-2.519,5.219,-1.24,20,27850
-2.349,0.55,-4.349,21,27871
-2.349,0.55,-4.349,9,27880
-3.339,-6.789,-9.279,30,27910
-6.679,-6.099,-12.619,20,27930
-6.679,-6.099,-12.619,10,27940
-9.13,-2.359,-10.159,30,27970
-7.069,-0.979,-6.73,20,27990
-6,-0.5,-5.069,10,28000
-4.25,0.529,-1.969,20,28020
-7.519,4.779,2.029,20,28040
-11.989,19.819,-0.87,20,28060
-16.039,19.819,0,30,28090
-17.299,19.819,5.259,10,28100
-11.769,16.289,6.329,30,28130
-9.819,15.75,3.409,20,28150
-5.849,13.469,1.319,20,28170
-5.849,13.469,1.319,10,28180
-1.329,9.569,1.48,20,28200
3.449,3.609,2.509,30,28230
3.449,3.609,2.509,10,28240
6.299,-0.449,2.549,30,28270
6.299,-0.449,2.549,19,28289
5.75,-0.62,2.349,24,28313
5.75,-0.62,2.349,7,28320
4.38,1.289,2.789,20,28340
3.809,1.929,3.839,20,28360
3.809,1.929,3.839,20,28380
-0.459,11.149,0.389,20,28400
-7.509,19.819,-1.889,20,28420
-10.819,19.819,-3.25,30,28450
-14.71,19.819,-4.75,20,28470
-19.489,19.819,-5.099,10,28480
-15.13,18.459,-2.929,20,28500
-3.99,14.729,-2.339,30,28530
-4.619,9.75,-1.079,20,28550
-4.469,7.69,-1.009,9,28559
-2.519,3.889,-1.659,31,28590
-1.059,-0.25,-3.589,20,28610
-2.529,-4.94,-5.619,20,28630
-4.61,-8.079,-5.92,10,28640
-6.98,-8.149,-6.819,30,28670
-6.799,-4.519,-7.819,10,28680
-5.029,0.939,-9.329,30,28710
-3.889,2.509,-7.699,20,28730
-3.889,2.509,-7.699,19,28749
-7.199,9.17,-2.18,21,28770
-11.899,19.819,-4.219,20,28790
-16.959,19.819,3.439,20,28810
-17.959,14.279,4.5,20,28830
-16.19,13.75,2.909,28,28858
-13.309,15.259,1.549,2,28860
-9.099,16.159,-0.14,20,28880
-2.549,13.139,-2.49,30,28910
1.199,9.559,-1.129,20,28930
1.199,9.559,-1.129,10,28940
3.449,5,1.329,30,28970
5.23,1.429,3.329,20,28990
5.23,1.429,3.329,20,29010
8.3,0,3.539,20,29030
8.159,1.209,3.47,20,29050
8.159,1.209,3.47,20,29070
7.089,2.329,3.649,9,29079
7.009,2.46,3.779,31,29110
7.009,2.46,3.779,10,29120
3.279,7.119,0.009,30,29150
-4.099,19.739,-2.45,9,29159
-16.959,19.819,-4.65,31,29190
-17.19,19.819,-4.079,20,29210
-14.279,18.309,-3.539,20,29230
-9.699,17.379,-2.599,20,29250
-9.699,17.379,-2.599,10,29260
-6.69,10.739,-1.629,20,29280
-3.889,4.4,-1.929,31,29311
-1.86,0.199,-3.109,19,29330
-1.49,-3.809,-4.71,20,29350
-3.019,-6.759,-5.839,20,29370
-4.17,-7.399,-6.239,10,29380
-5.629,-6.23,-6.69,32,29412
-5.409,-1.969,-6.44,8,29420
-4.759,1.159,-6.279,30,29450
-4.759,1.159,-6.279,20,29470
-9.159,14.639,-2.619,20,29490
-12.689,19.819,-4.63,20,29510
-12.689,19.819,-4.63,20,29530
-19.549,19.819,2.609,19,29549
-19.549,19.149,0.509,21,29570
-19.549,19.149,0.509,10,29580
-11.539,16.67,-1.809,30,29610
-1.769,14,-3.49,20,29630
1.549,13.259,-2.929,10,29640
5.589,8.869,-0.68,20,29660
5.349,3.339,2.269,20,29680
5.349,1.35,2.47,30,29710
5.909,1.09,2.619,20,29730
7.69,1.849,3.22,10,29740
6.639,1.86,3.49,31,29771
5.989,1.779,3.439,9,29780
5.19,1.979,3.149,30,29810
6.059,2.019,2.609,20,29830
6,2.349,2.25,20,29850
0.699,9.449,-1.459,24,29874
-4.63,17.1,-2.75,6,29880
-12.219,19.819,-2.509,30,29910
-18.909,19.819,-4.829,19,29929
-16.659,19.819,-4.21,21,29950
-12.649,19.819,-3.949,20,29970
-9.929,19.359,-3.369,19,29989
-4.989,13.239,-3.109,21,30010
-5.799,10.109,-2.829,20,30030
-5.98,8.92,-3.129,19,30049
-3.799,0.919,-4.349,21,30070
-5.21,-6.019,-5.929,20,30090
-7.819,-8.75,-6.67,22,30112
-7.819,-8.75,-6.67,17,30129
-8.51,-3.889,-6.799,21,30150
-6.799,2.18,-7.219,20,30170
-4.559,0.849,-5.489,20,30190
-5.679,1.559,-4.349,21,30211
-5.679,1.559,-4.349,8,30219
-9.479,19.819,-2.71,31,30250
-10.59,19.819,-2.2,20,30270
-14.289,19.819,1,20,30290
-15.25,18.459,4.23,22,30312
-15.25,18.459,4.23,8,30320
-9.059,18,1.12,30,30350
-2,14.559,-0.61,20,30370
-2,14.559,-0.61,10,30380
4.529,5.42,2.059,32,30412
4.529,5.42,2.059,8,30420
4.329,2.159,3.179,29,30449
5.029,0.919,3.48,21,30470
6.159,0.75,3.349,20,30490
6.269,0.949,2.839,20,30510
6.049,1.09,2.639,20,30530
6.009,1.389,2.549,20,30550
7.789,3.059,2.95,19,30569
4.079,6.339,0.779,21,30590
0.949,10.869,0.149,9,30599
-10.13,19.819,-3.519,31,30630
-10.13,19.819,-3.519,19,30649
-18.319,19.819,-3.809,21,30670
-19.549,19.819,-3.799,20,30690
-17.52,18.879,-4.019,19,30709
-10.399,15.409,-3.419,21,30730
-8.019,10.34,-1.139,20,30750
-4.5,6.989,-0.61,20,30770
-0.519,-0.129,-2.599,20,30790
-0.469,-1.87,-3.899,20,30810
-3.409,-6.799,-6.659,20,30830
-5.199,-5.409,-7.509,20,30850
-5.629,-4.139,-8.179,9,30859
-5.849,-1.829,-9.269,20,30879
-6.069,1.199,-10.46,21,30900
-11.599,8.599,-3.409,30,30930
-15.449,16.659,0.07,20,30950
-15.449,16.659,0.07,20,30970
-19.549,18.909,3.97,20,30990
-17.789,19.819,8.449,20,31010
-12.849,14.829,4.19,19,31029
-13.579,13.769,3.559,21,31050
-8.679,11.05,-0.109,20,31070
0.639,12.259,-0.099,20,31090
3.759,8.09,2.149,19,31109
3.049,4.579,3.039,21,31130
3.049,4.579,3.039,10,31140
2.509,1.289,2.799,31,31171
3.199,-0.429,2.18,9,31180
6.449,0.439,2.21,30,31210
6.71,0.649,2.639,21,31231
6.489,0.579,2.99,9,31240
5.67,0.529,2.869,30,31270
6.179,0.55,2.859,10,31280
7.569,0.409,3.279,20,31300
5.13,4.099,1.919,31,31331
-2.579,17.609,-1.979,9,31340
-13.63,19.819,-0.439,30,31370
-17.579,19.819,-4.619,20,31390
-16.399,19.819,-5.029,20,31410
-14.119,19.819,-4.829,20,31430
-14.119,19.819,-4.829,10,31440
-11.079,16.01,-3.169,30,31470
-7.549,7.19,-3.129,20,31490
-5.409,3.339,-3.879,20,31510
-5.409,3.339,-3.879,10,31520
-5.409,3.339,-3.879,19,31539
-8.079,-5.509,-7.779,31,31570
-8.699,-4.19,-7.649,10,31580
-8.92,-3,-7.299,20,31600
-5.929,0.009,-6.769,30,31630
-4.809,0.509,-6.44,10,31640
-2.25,1.199,-4.519,31,31671
-2.269,1.649,-2.919,9,31680
-3.349,3.799,-0.939,30,31710
-7.619,19.819,0.28,20,31730
-13.75,19.079,3.519,10,31740
-17.559,19.719,4.92,20,31760
-13.739,15.25,3.939,30,31790
-5.539,14.299,1.179,20,31810
-4.75,13.25,0.959,10,31820
-4.049,12.46,0.81,20,31840
0.829,11.09,1.809,20,31860
2.99,7.849,2.819,20,31880
3.939,4,3.599,30,31910
4.19,2.44,3.839,20,31930
4.19,2.44,3.839,10,31940
4.809,0.529,3.74,30,31970
4.489,1.129,3.47,20,31990
5,0.659,3.379,20,32010
5,0.659,3.379,22,32032
6.75,0.299,2.819,7,32039
5.159,5.049,0.099,31,32070
-1.74,17,-1.49,10,32080
-7.589,19.819,-0.87,30,32110
-8.859,19.819,-2.639,10,32120
-15.469,19.819,-5.619,20,32140
-14.849,19.819,-3.669,30,32170
-9.149,17.779,-2.539,20,32190
-5.969,15.239,-2.539,20,32210
-5.969,15.239,-2.539,21,32231
-4.559,10.269,-1.409,9,32240
-5.239,5.339,-2.19,20,32260
-4.73,1.319,-3.899,30,32290
-6.889,-2.579,-4.94,20,32310
-6.889,-2.579,-4.94,10,32320
-8.569,-2.529,-5.069,20,32340
-7.579,-2.099,-5.279,20,32360
-7.579,-2.099,-5.279,20,32380
-5.319,-1,-7.539,20,32400
-5.599,-1.389,-7.329,20,32420
-9.159,12.909,-4.849,30,32450
-18.609,18.879,-0.799,20,32470
-18.609,18.879,-0.799,10,32480
-19.549,19.779,3.109,30,32510
-15.339,16.199,2.74,20,32530
-9.269,13.96,1.24,20,32550
-6.46,12.829,1.169,10,32560
-1.519,11.679,1.079,20,32580
0.62,9.349,1.659,30,32610
0.799,6.5,2.049,10,32620
0.839,4.38,2.049,20,32640
2.24,2.119,2.049,30,32670
3.509,1.189,2.589,10,32680
4.73,-0.349,2.799,30,32710
5.199,0.159,2.359,20,32730
5.199,0.159,2.359,20,32750
6.659,2.399,2.149,20,32770
6.809,2.099,3.23,20,32790
6.809,2.099,3.23,20,32810
5.519,5,1.139,10,32820
1.5,14.92,-0.289,20,32840
-12.529,19.819,0.61,30,32870
-15.189,19.819,-4.309,20,32890
-13.67,19.819,-5.549,20,32910
-14.819,19.819,-6.699,20,32930
-14.819,19.819,-6.699,20,32950
-10.279,14.909,-4.69,10,32960
-8.119,13.199,-4.119,20,32980
-3.659,5.799,-3.399,30,33010
-3.659,5.799,-3.399,20,33030
-2.579,-1.73,-3.829,20,33050
-3.899,-4.299,-4.67,21,33071
-5.859,-5.589,-5.359,19,33090
-6.009,-5.029,-5.529,20,33110
-6.349,-2.839,-5.279,20,33130
-6.349,-2.839,-5.279,20,33150
-5.849,1.799,-6.509,10,33160
-7.23,4.029,-2.769,30,33190
-7.399,13.5,-2.759,20,33210
-15.119,19.819,-2.149,20,33230
-16.149,19.819,1.579,20,33250
-17.329,19.799,0.939,20,33270
-17.329,19.799,0.939,20,33290
-7.789,15.92,-0.719,20,33310
-3.75,16.039,-0.959,20,33330
-3.75,16.039,-0.959,20,33350
1.079,10.809,0.099,20,33370
1.379,4.079,0.61,20,33390
1.86,3.069,0.449,20,33410
5.46,1.679,1,20,33430
9.76,-2.819,2.329,20,33450
9.76,-2.819,2.329,10,33460
8.279,-3.039,3.149,20,33480
7.299,0.839,2.889,30,33510
7.449,2.289,3,20,33530
7.489,3.529,4.349,9,33539
4.21,7.859,1.909,31,33570
-9.449,19.819,0.959,20,33590
-9.409,19.819,3.299,20,33610
-11.559,19.819,-1.409,20,33630
-10.899,19.819,-0.379,20,33650
-10.899,19.819,-0.379,10,33660
-5.879,19.18,1.039,30,33690
-2.74,15.769,-0.889,20,33710
-2.74,15.769,-0.889,19,33729
-4.069,10.449,-2.22,21,33750
-4.069,10.449,-2.22,10,33760
-3.73,1.919,-6.579,30,33790
-4.929,-1.589,-8.579,25,33815
-8.889,-4.92,-8.939,5,33820
-9.67,-4.039,-8.179,30,33850
-8.149,-1.429,-7.719,20,33870
-6.369,0.589,-7.139,20,33890
-4.509,1.73,-6.099,20,33910
-4.009,2.21,-3.769,19,33929
-5.96,8.019,0.509,21,33950
-3.72,19.819,-2.579,21,33971
-14.189,19.819,0.639,19,33990
-17.079,19.819,1.629,20,34010
-18.209,19.819,2.389,20,34030
-17.67,19.289,1.019,20,34050
-9.8,16.039,-1.459,20,34070
-3.349,14.75,-2.149,20,34090
1.549,11.909,-1.069,20,34110
1.549,11.909,-1.069,20,34130
4.789,4.139,1.789,20,34150
4.789,4.139,1.789,10,34160
4.539,2.009,2.819,30,34190
6.5,0.799,2.95,20,34210
7.46,1,3.089,20,34230
7.46,1,3.089,19,34249
5.94,2.059,2.899,21,34270
5.719,2.2,2.72,10,34280
6.199,2.789,2.409,30,34310
5.849,3.269,1.319,20,34330
1.159,11.519,-0.579,10,34340
-9.189,19.819,-1.74,30,34370
-9.189,19.819,-1.74,10,34380
-13.869,19.819,-2.69,30,34410
-16.34,19.819,-5.079,20,34430
-15.509,19.819,-4.769,20,34450
-9.399,16.43,-3.639,20,34470
-7.289,15.269,-3.569,20,34490
-4.429,12.329,-2.369,10,34500
-2.46,8.809,-1.949,30,34530
-0.899,1.059,-4.659,20,34550
-5.319,-2.69,-7.179,20,34570
-8.42,-2.659,-7.19,20,34590
-9.409,-1.689,-6.739,20,34610
-9.88,-0.689,-6.099,20,34630
-7.139,-1.11,-6.92,20,34650
-7.139,-1.11,-6.92,20,34670
-4.75,-0.779,-6.029,10,34680
-6.429,5.21,0.779,20,34700
-6.429,5.21,0.779,30,34730
-11.969,19.819,0.379,20,34750
-15.029,19.819,2.169,20,34770
-12.809,19.819,1.899,20,34790
-14.699,19.159,1.809,20,34810
-8.449,15.429,-0.099,20,34830
-3.659,14.63,-0.329,20,34850
-0.209,11.969,0.529,20,34870
3.169,7.699,1.889,20,34890
4.46,5.67,1.759,10,34900
5.42,2.349,1.87,20,34920
7.529,0.059,3.569,30,34950
7.739,-0.029,3.75,20,34970
6.67,-0.5,4.079,10,34980
4.889,0.009,3.349,30,35010
4.289,1.399,2.97,20,35030
4.289,1.399,2.97,10,35040
3.779,2.919,2.639,30,35070
3.339,5.989,1.399,20,35090
0.789,12.309,-2.2,19,35109
-5.67,19.819,-2.559,21,35130
-6.279,19.819,-3.509,9,35139
-11.239,19.819,-2.18,31,35170
-10.699,19.819,-1.169,20,35190
-7.679,19.819,-0.87,20,35210
-5.38,16.459,-0.469,20,35230
-4.96,12.21,-1.459,19,35249
-5.289,8.779,-2.549,21,35270
-4.849,4.799,-2.769,20,35290
-3.379,0.589,-3.379,20,35310
-2.47,-3.089,-4.549,20,35330
-3.329,-5.389,-5.809,20,35350
-4.88,-4.839,-6.109,20,35370
-5.589,-2.789,-5.94,20,35390
-5.67,-0.859,-5.829,20,35410
-5.4,0.719,-6.269,19,35429
-5.059,0.819,-4.11,21,35450
-5.199,8.479,-0.889,20,35470
-4.869,19.819,-5.699,20,35490
-4.869,19.819,-5.699,20,35510
-13.269,19.819,6.92,20,35530
-19.369,19.819,5.589,20,35550
-19.369,19.819,5.589,20,35570
-9.769,19.819,0.859,10,35580
-2.24,15.389,-1.49,30,35610
-2.24,15.389,-1.49,19,35629
-0.109,8.789,-0.889,21,35650
0.319,3.879,-0.029,20,35670
0.74,2.599,0.839,9,35679
2.389,2.849,2.23,30,35709
7.159,7.379,4.549,21,35730
8.729,4.009,5.019,20,35750
9.899,-0.179,4.299,20,35770
11.819,-0.62,3.399,20,35790
10.76,-0.55,3.129,20,35810
10.76,-0.55,3.129,20,35830
6.259,2.799,0.87,20,35850
4.089,8.319,-2.819,20,35870
2.509,15.639,-5.019,10,35880
-5.46,19.819,-0.649,29,35909
-12.789,19.819,-3.919,21,35930
-11.949,19.819,-4.23,20,35950
-7.349,19.819,-1.279,10,35960
-5.559,19.819,-0.759,30,35990
-3.74,15.119,-1.459,20,36010
-4.279,10.689,-2.139,20,36030
-4.279,10.689,-2.139,20,36050
-4.319,3.329,-4.23,20,36070
-3.47,1.389,-5.13,10,36080
-2.919,-0.56,-6.299,30,36110
-7.149,-6.119,-8.319,20,36130
-8.96,-4.199,-7.449,20,36150
-9.289,-2.549,-6.92,20,36170
-6.679,1.639,-6.389,10,36180
-4.94,2.48,-5.819,30,36210
-4.9,4.13,-2.22,10,36220
-3.849,18.68,-0.989,30,36250
-4.9,19.819,-1.939,20,36270
-10.96,19.049,2.75,10,36280
-17.02,18.989,4.799,20,36300
-11.949,19.459,0.34,20,36320
-8.579,17.26,-0.159,30,36350
-8.579,17.26,-0.159,20,36370
-5.339,15.109,-1.469,10,36380
-1.269,11.55,-1.379,30,36410
-1.269,11.55,-1.379,10,36420
2.7,2.659,2.359,20,36440
3.269,0.849,2.7,20,36460
3.73,-0.14,2.669,29,36489
5.71,-0.769,1.829,21,36510
5.889,1.469,1.189,20,36530
5.889,1.469,1.399,19,36549
5.559,2.059,2.929,21,36570
5.559,2.159,3.559,20,36590
5.69,3.779,3.769,20,36610
1.639,16.449,0.099,20,36630
-6.699,19.819,0.349,20,36650
-6.699,19.819,0.349,10,36660
-7.319,19.819,-1.169,30,36690
-17.619,19.819,-4.5,20,36710
-17.619,19.819,-4.5,10,36720
-12.079,19.819,-2.789,30,36750
-4.48,15.789,-2.579,20,36770
-4.48,15.789,-2.579,10,36780
-3.72,10.67,-1.62,30,36810
-3.49,4.089,-2.339,20,36830
-4.599,-0.61,-7.349,20,36850
-4.599,-0.61,-7.349,10,36860
-8.97,-4.559,-9.75,30,36890
-12.759,-4.21,-9.469,20,36910
-11.09,-2.45,-8.899,20,36930
-11.09,-2.45,-8.899,20,36950
-5.099,1.49,-6.129,20,36970
-3.779,3.24,-4.589,20,36990
-3.779,3.24,-4.589,20,37010
-6.559,14.609,0.629,20,37030
-11.199,19.819,3.009,20,37050
-10.909,19.819,3.789,20,37070
-9.96,19.819,5.079,10,37080
-6.899,17.709,4.119,30,37110
-5.429,17.19,2.669,10,37120
-4.889,12.819,1.639,30,37150
-2.75,12.479,0.509,20,37170
0.079,9.51,1.529,20,37190
2.409,6.399,2.109,19,37209
2.98,3.97,2.539,21,37230
2.98,1.61,2.789,20,37250
3.74,-0.599,2.45,20,37270
5.549,-1.139,2.409,20,37290
7.129,0.799,3.009,20,37310
6.949,0.829,3.149,20,37330
7.119,1.709,2.809,20,37350
7.119,1.709,2.809,10,37360
7.23,2.769,2.519,20,37380
0.31,14.46,-1.74,30,37410
-9.099,19.819,-5.65,20,37430
-12.479,19.819,-6.139,20,37450
-17.59,19.819,-3.97,20,37470
-16.319,19.819,-4.139,20,37490
-15.009,19.819,-4,20,37510
-10.279,19.719,-1.519,10,37520
-4.759,15.559,-0.599,30,37550
-4.509,9.349,-3.119,20,37570
-5.789,2.96,-7.119,20,37590
-8.289,-0.74,-8.449,20,37610
-8.289,-0.74,-8.449,20,37630
-10.159,-7.159,-8.809,20,37650
-10.159,-7.159,-8.809,10,37660
-8.789,-5.98,-8.979,20,37680
-3.629,-0.75,-6.529,30,37710
-3.5,0.729,-5.089,20,37730
-5.929,1.22,-2.95,20,37750
-8.389,4.44,-1.469,10,37760
-10.439,19.459,-3.849,30,37790
-17.1,19.819,3.089,19,37809
-12.729,19.819,4.889,25,37834
-11.539,18.939,6.349,6,37840
-11.539,18.939,6.349,20,37860
-12.409,16.869,0.81,30,37890
-11.679,15.689,0.28,20,37910
-4.409,13.909,-1.009,20,37930
0.319,8.519,0.919,20,37950
0.579,3.559,1.159,20,37970
0.659,2.519,0.649,10,37980
3.149,-0.199,-0.37,30,38010
6.17,-0.479,-0.729,20,38030
9.039,0.299,0.019,20,38050
9.63,-0.199,1.639,10,38060
9.319,-0.039,2.109,30,38090
8.909,2.99,2.49,20,38110
8.909,2.99,2.49,20,38130
6.21,5.159,2.96,20,38150
2.97,16.19,-0.159,20,38170
-0.889,19.819,-0.219,20,38190
-10.71,19.819,-5.079,20,38210
-15.389,19.819,-8.09,20,38230
-16.489,19.819,-6.219,20,38250
-16.489,19.819,-6.219,10,38260
-8.889,19.619,-5.619,30,38290
-3.149,12.239,-2.589,20,38310
-3.149,12.239,-2.589,19,38329
-1.039,5.039,-4.279,21,38350
-2.109,1.789,-6.889,20,38370
-2.109,1.789,-6.889,19,38389
-8.179,-3.649,-11.159,21,38410
-12.109,-4.159,-10.5,20,38430
-9.939,-2.059,-8.079,20,38450
-6.699,-1.019,-6.889,20,38470
-5.17,-0.349,-6.389,10,38480
-2.759,1.719,-1.87,30,38510
-2.759,1.719,-1.87,20,38530
-5.489,18.19,0.429,20,38550
-5.489,18.19,0.429,10,38560
-12.239,19.819,1.009,30,38590
-13.38,19.819,1.039,20,38610
-13.969,19.25,-1.029,20,38630
-13.099,18.199,-1.99,20,38650
-6.469,16.359,-2.22,20,38670
-5.679,15.559,-1.829,10,38680
-4.65,14.899,-1.599,20,38700
0.829,10.329,-0.379,20,38720
2.25,8.25,0.949,30,38750
2.97,4.789,2.559,20,38770
2.97,4.789,2.559,20,38790
4.309,2.24,3.669,20,38810
5.529,2.369,3.849,20,38830
6.659,2.649,4.119,20,38850
6.719,2.549,4.099,10,38860
5.94,2.399,3.689,30,38890
5.38,2.769,2.759,20,38910
5.38,2.769,2.759,13,38923
-4.529,13.399,-0.449,27,38950
-9.389,19.029,-0.25,20,38970
-9.849,19.819,-3.569,20,38990
-9.849,19.819,-3.569,11,39001
-16.19,19.819,-3.46,29,39030
-16.19,19.819,-3.46,10,39040
-12.559,18.77,-3.099,20,39060
-6.059,16.199,-2.289,30,39090
-4.569,14.589,-1.879,10,39100
-3.669,12.649,-1.459,20,39120
-3.369,4.839,-1.839,20,39140
-3.179,-0.029,-4.4,30,39170
-5.299,-1.929,-5.599,10,39180
-6.509,-2.45,-6.15,20,39200
-9.5,-2.429,-6.099,20,39220
-7.949,-0.459,-5.369,30,39250
-6.859,0.029,-5,20,39270
-3.319,0.599,-3.289,20,39290
-2,4.38,0.759,20,39310
-2,4.38,0.759,10,39320
-3.809,19.819,1.429,30,39350
-3.609,19.819,3.49,10,39360
-4.67,19.819,4.48,30,39390
-7.069,17.809,4.219,20,39410
-4.65,16.069,2.319,20,39430
-3.339,13.619,0.129,20,39450
-3.289,12.909,-0.409,10,39460
-3.21,12.25,-1.009,20,39480
-1.769,8.769,-0.569,30,39510
-1.769,8.769,-0.569,20,39530
1.039,6.339,1.269,20,39550
1.61,5.9,1.839,10,39560
2.029,4.779,3.099,20,39580
2.019,3.689,3.779,20,39600
2.019,4.089,3.769,20,39620
2.009,5.17,3.609,30,39650
1.899,5.579,3.159,20,39670
1.319,5.23,2.579,20,39690
1.319,5.23,2.579,10,39700
1.179,6.98,0.199,20,39720
1.179,6.98,0.199,20,39740
-2.99,19.819,-1.829,30,39770
-1.959,16.76,0.509,10,39780
-4.839,17.319,-1.86,30,39810
-6.21,14.21,-0.34,20,39830
-4.589,13.849,0.489,20,39850
-2.619,13,1.09,20,39870
-2.19,11.519,1.289,20,39890
-2.19,11.519,1.289,10,39900
-3.059,9.139,0.849,30,39930
-2.009,6.71,0.779,20,39950
-2.009,6.71,0.779,20,39970
-2.009,6.71,0.779,10,39980
-0.329,5.269,-0.149,30,40010
-0.889,5.369,-0.959,19,40029
-2.149,5.349,-2.19,21,40050
-2.549,5.569,-2.44,20,40070
-3.909,6.319,-2.339,9,40079
-4.5,6.529,-1.86,31,40110
-5.15,8.17,-1.019,20,40130
-5.069,10.739,0.079,20,40150
-4.719,14.689,1.069,20,40170
-4.029,16.319,2.879,20,40190
-2.22,10.5,3.119,20,40210
-2.339,8.559,2.519,20,40230
-2.96,8.59,2.639,9,40239
-3.369,9.909,2.759,31,40270
-3.089,10.609,2.21,10,40280
-4.859,11.269,-0.179,19,40299
-5.659,10.059,-0.31,21,40320
-5.659,10.059,-0.31,19,40339
-3.549,9.029,0.87,31,40370
-2.109,8.699,1.469,10,40380
-1.009,8.309,2.369,30,40410
-1.009,8.309,2.369,20,40430
-1.209,7.569,2.919,20,40450
-1.209,7.569,2.919,10,40460
-1.879,7.519,3.259,30,40490
-2.379,7.809,3.119,20,40510
-2.47,7.98,2.97,10,40520
-2.72,8.479,2.389,30,40550
-2.7,8.579,2.23,20,40570
-2.869,9.22,1.889,20,40590
-2.97,9.26,1.799,10,40600
-3.079,8.989,1.709,20,40620
-2.97,8.859,1.559,30,40650
-2.419,8.92,1.699,21,40671
-2.18,8.84,1.839,9,40680
-2,8.729,1.949,20,40700
-1.1,8.359,1.75,30,40730
-2.009,8.479,1.929,20,40750
-2.009,8.479,1.929,10,40760
-1.319,10.409,1.73,30,40790
-1.719,11.109,1.309,20,40810
-1.879,10.75,1.319,20,40830
-1.549,9.599,1.559,20,40850
-1.539,8.929,1.289,20,40870
-1.5,8.929,1.169,20,40890
-1.159,9.309,1.029,20,40910
-0.839,9.84,0.93,20,40930
-0.469,10.329,0.839,20,40950
0.17,9.729,0.989,20,40970
0.5,9.55,1.019,10,40980
-0.709,10.449,1.37,30,41010
-1.659,10.92,1.86,20,41030
-0.579,11.069,1.929,20,41050
-0.439,10.909,2.049,20,41070
-0.439,10.909,2.049,20,41090
0.109,9.76,1.919,20,41110
-0.319,9.8,1.73,20,41130
-0.319,9.8,1.73,19,41149
-0.829,9.38,1.149,21,41170
-0.729,9.909,0.859,10,41180
1.009,9.3,0.74,30,41210
1.009,9.3,0.74,20,41230
0.319,10.069,1.169,20,41250
0.029,10.26,1.559,20,41270
0.029,10.26,1.559,10,41280
-1.35,11.479,1.969,30,41310
-0.889,8.859,2.19,20,41330
-1.189,9.51,2.139,10,41340
-1.48,10.079,2.19,20,41360
-1.48,10.079,2.19,20,41380
0.239,9.269,2.74,20,41400
-0.34,9.05,2.279,30,41430
-0.14,8.84,2.22,20,41450
0.129,9.019,2.079,10,41460
0.129,9.019,2.079,20,41480
0.779,9.13,2.2,20,41500
0.779,9.13,2.2,20,41520
0.159,9.229,2.589,20,41540
-0.449,9.25,2.47,20,41560
-0.469,9.13,2.679,30,41590
-0.469,9.13,2.679,20,41610
0.389,9.889,2.619,20,41630
0.019,9.739,2.889,20,41650
-0.159,9.109,2.809,20,41670
-0.299,9.51,2.889,20,41690
-0.469,9.449,2.909,20,41710
-0.269,9.25,2.879,20,41730
-0.269,9.25,2.879,20,41750
-0.039,9.349,2.939,20,41770
0.079,9.199,2.899,20,41790
0.079,9.199,2.899,10,41800
0.019,9.21,2.679,30,41830
0.25,9.319,2.5,20,41850
0.25,9.319,2.5,20,41870
-0.37,9.42,2.519,10,41880
-0.149,9.099,2.539,20,41900
-0.699,9.309,2.679,30,41930
-0.699,9.309,2.679,20,41950
-0.189,9.71,2.649,20,41970
-0.189,9.71,2.649,10,41980
-0.049,9.489,2.759,30,42010
-0.079,9.329,2.789,10,42020
-0.079,9.46,2.69,30,42050
-0.199,9.529,2.559,10,42060
-0.379,9.489,2.589,20,42080
0.089,9.489,2.72,30,42110
-0.149,9.3,2.96,20,42130
-0.149,9.3,2.96,20,42150
-0.029,9.119,2.819,20,42170
-0.059,9.269,2.71,20,42190
0,9.309,2.659,10,42200
0.019,9.17,2.669,30,42230
0.039,9.139,2.679,20,42250
0,9.22,2.72,20,42270
0.049,9.389,2.659,10,42280
-0.009,9.369,2.769,30,42310
-0.039,9.449,2.859,10,42320
-0.049,9.5,2.879,20,42340
0.119,9.349,2.799,20,42360
0.119,9.349,2.799,20,42380
0.109,9.46,2.819,20,42400
0.209,9.349,2.779,20,42420
0.239,9.22,2.789,20,42440
0.219,9.3,2.75,20,42460
0.199,9.38,2.71,30,42490
0.28,9.409,2.73,20,42510
0.289,9.429,2.75,20,42530
0.209,9.439,2.72,20,42550
0.229,9.59,2.71,9,42559
0.059,9.659,2.759,31,42590
0.269,9.59,2.519,20,42610
0.289,9.399,2.5,20,42630
0.259,9.25,2.539,20,42650
0.259,9.25,2.539,20,42670
0.209,9.46,2.849,10,42680
0.009,9.469,2.779,30,42710
0.34,9.309,2.72,20,42730
0.34,9.26,2.669,20,42750
0.379,9.42,2.659,20,42770
0.379,9.42,2.659,10,42780
0.329,9.469,2.619,20,42800
0.259,9.399,2.539,30,42830
0.159,9.439,2.539,20,42850
0.159,9.439,2.539,20,42870
0.14,9.429,2.48,10,42880
0.109,9.479,2.549,30,42910
0.209,9.409,2.5,20,42930
0.17,9.409,2.589,20,42950
0.179,9.409,2.599,20,42970
0.179,9.409,2.599,10,42980
0.25,9.359,2.7,30,43010
0.329,9.449,2.659,12,43022
0.299,9.529,2.679,28,43050
0.17,9.489,2.649,20,43070
0.159,9.46,2.649,9,43079
0.179,9.42,2.639,31,43110
0.179,9.42,2.639,20,43130
0.199,9.369,2.639,20,43150
0.17,9.319,2.649,20,43170
0.17,9.319,2.649,20,43190
0.159,9.309,2.5,20,43210
0.159,9.309,2.5,10,43220
0.07,9.389,2.619,29,43249
0.049,9.42,2.669,22,43271
0.149,9.38,2.659,8,43279
0.199,9.429,2.73,31,43310
0.17,9.51,2.759,20,43330
0.129,9.359,2.779,10,43340
0.149,9.349,2.75,31,43371
0.179,9.399,2.74,9,43380
0.219,9.319,2.7,20,43400
0.14,9.399,2.71,30,43430
0.14,9.399,2.71,10,43440
0,9.46,2.609,30,43470
0.079,9.349,2.639,20,43490
0.229,9.349,2.649,20,43510
0.229,9.349,2.649,20,43530
0.129,9.34,2.679,20,43550
0.099,9.449,2.669,20,43570
0.109,9.46,2.669,20,43590
0.14,9.369,2.669,10,43600
0.159,9.389,2.69,21,43621
0.159,9.389,2.69,29,43650
0.179,9.399,2.7,10,43660
0.209,9.409,2.679,20,43680
0.209,9.429,2.73,20,43700
0.17,9.449,2.73,20,43720
0.14,9.309,2.72,30,43750
0.179,9.42,2.7,20,43770
0.179,9.42,2.7,10,43780
0.199,9.349,2.639,20,43800
0.159,9.38,2.609,34,43834
0.159,9.34,2.599,6,43840
0.199,9.38,2.559,20,43860
0.129,9.34,2.539,37,43897
0.149,9.519,2.569,3,43900
0.149,9.519,2.569,30,43930
0.089,9.399,2.559,10,43940
0.149,9.429,2.559,30,43970
0.189,9.42,2.659,24,43994
0.149,9.429,2.619,5,43999
0.109,9.5,2.639,21,44020
0.129,9.479,2.649,30,44050
0.14,9.449,2.599,20,44070
0.14,9.449,2.599,10,44080
0.269,9.359,2.589,29,44109
0.209,9.399,2.539,21,44130
0.209,9.399,2.539,10,44140
0.28,9.449,2.509,30,44170
0.219,9.469,2.519,10,44180
0.319,9.409,2.5,30,44210
0.319,9.25,2.569,20,44230
0.319,9.25,2.569,20,44250
0.14,9.17,2.47,20,44270
0.17,9.429,2.49,20,44290
0.17,9.429,2.49,20,44310
0.25,9.699,2.379,10,44320
0.299,9.849,2.309,30,44350
0.31,9.789,2.49,10,44360
0.319,9.789,2.679,20,44380
0.159,9.479,2.75,20,44400
0.519,9.569,2.7,22,44422
0.399,9.649,2.669,27,44449
0.289,9.42,2.509,21,44470
0.219,9.399,2.419,20,44490
0.219,9.399,2.419,20,44510
0.17,9.359,2.379,10,44520
0.159,9.319,2.349,30,44550
0.159,9.319,2.349,20,44570
0.229,9.329,2.45,20,44590
0.269,9.3,2.389,20,44610
0.269,9.3,2.389,10,44620
0.28,9.349,2.549,30,44650
0.289,9.46,2.47,20,44670
0.239,9.439,2.539,9,44679
0.229,9.46,2.48,31,44710
0.14,9.46,2.429,10,44720
0.149,9.409,2.389,30,44750
0.149,9.409,2.389,20,44770
0.149,9.409,2.389,10,44780
0.239,9.38,2.389,30,44810
0.239,9.38,2.389,10,44820
0.189,9.479,2.419,30,44850
0.199,9.539,2.379,10,44860
0.259,9.609,2.47,30,44890
0.259,9.609,2.47,20,44910
0.349,9.559,2.579,20,44930
0.37,9.529,2.589,20,44950
0.299,9.38,2.589,21,44971
0.299,9.38,2.589,9,44980
0.159,9.449,2.569,30,45010
0.189,9.369,2.609,20,45030
0.189,9.369,2.609,10,45040
0.219,9.3,2.679,20,45060
0.289,9.409,2.629,30,45090
0.289,9.409,2.629,20,45110
0.299,9.51,2.629,20,45130
0.349,9.51,2.429,30,45160
0.31,9.479,2.409,10,45170
0.28,9.5,2.319,20,45190
0.28,9.519,2.319,20,45210
0.28,9.519,2.319,10,45220
0.219,9.5,2.319,33,45253
0.159,9.429,2.399,7,45260
0.219,9.359,2.45,20,45280
0.209,9.389,2.46,20,45300
0.109,9.429,2.619,30,45330
0.159,9.42,2.549,10,45340
0.219,9.439,2.579,30,45370
0.119,9.409,2.549,20,45390
0.259,9.539,2.71,20,45410
0.259,9.539,2.71,10,45420
-0.17,9.609,2.669,20,45440
0.329,9.409,2.72,30,45470
0.399,9.359,2.74,10,45480
0.34,9.319,2.69,20,45500
0.34,9.319,2.69,20,45520
0.25,9.279,2.549,20,45540
0.28,9.26,2.5,20,45560
0.34,9.25,2.5,20,45580
0.399,9.279,2.46,30,45610
0.399,9.279,2.46,20,45630
0.199,9.289,2.539,20,45650
0.34,9.399,2.509,20,45670
0.34,9.399,2.509,10,45680
0.299,9.34,2.619,20,45700
0.179,9.539,2.669,30,45730
0.179,9.539,2.669,10,45740
0.28,9.519,2.629,30,45770
0.289,9.559,2.579,20,45790
0.299,9.59,2.559,10,45800
0.299,9.569,2.509,30,45830
0.389,9.399,2.429,10,45840
0.25,9.529,2.48,30,45870
0.25,9.529,2.48,19,45889
0.179,9.469,2.549,21,45910
0.019,9.649,2.549,20,45930
0.019,9.649,2.549,20,45950
0.119,9.46,2.419,20,45970
0.119,9.46,2.419,10,45980
0.209,9.409,2.409,20,46000
0.219,9.469,2.419,30,46030
0.199,9.429,2.329,20,46050
0.219,9.409,2.45,20,46070
0.189,9.38,2.5,20,46090
0.269,9.399,2.46,20,46110
0.219,9.479,2.46,20,46130
0.219,9.479,2.46,10,46140
0.17,9.5,2.45,30,46170
0.089,9.529,2.46,9,46179
0.17,9.399,2.44,31,46210
0.199,9.38,2.399,10,46220
0.17,9.42,2.399,30,46250
0.179,9.479,2.46,10,46260
0.199,9.51,2.46,20,46280
0.089,9.429,2.109,20,46300
0.149,9.449,2.389,30,46330
0.149,9.449,2.389,10,46340
0.199,9.529,2.619,20,46360
0.199,9.5,2.659,20,46380
0.349,9.409,2.529,30,46410
0.349,9.409,2.529,10,46420
0.319,9.519,2.44,30,46450
0.229,9.55,2.429,10,46460
0.239,9.55,2.429,20,46480
0.28,9.519,2.44,30,46510
0.31,9.479,2.389,20,46530
0.329,9.46,2.48,20,46550
0.329,9.46,2.48,10,46560
0.229,9.519,2.47,20,46580
0.229,9.519,2.47,20,46600
0.219,9.5,2.419,30,46630
0.179,9.449,2.49,10,46640
0.219,9.469,2.49,30,46670
0.219,9.469,2.49,20,46690
0.37,9.38,2.419,10,46700
0.25,9.469,2.359,30,46730
0.25,9.469,2.359,10,46740
0.25,9.429,2.349,20,46760
0.28,9.439,2.409,20,46780
0.28,9.439,2.409,20,46800
0.229,9.409,2.419,20,46820
0.17,9.449,2.48,30,46850
