-1.849,8.679,4.269,30,30
-1.939,8.75,4.139,10,40
-2.069,8.729,4.13,20,60
-2.119,8.63,4.19,20,80
-2.099,8.619,4.239,20,100
-1.939,8.579,4.319,20,120
-1.909,8.569,4.329,30,150
-1.929,8.5,4.299,10,160
-1.939,8.489,4.25,20,180
-1.919,8.439,4.259,30,210
-1.909,8.479,4.23,10,220
-1.87,8.519,4.219,20,240
-1.87,8.519,4.219,20,260
-1.99,8.529,4.299,20,280
-1.979,8.559,4.21,20,300
-1.979,8.559,4.21,20,320
-2.029,8.619,4.219,20,340
-2.039,8.63,4.179,30,370
-1.979,8.619,4.239,10,380
-1.959,8.569,4.269,20,400
-1.889,8.55,4.25,30,430
-1.899,8.619,4.239,20,450
-1.969,8.639,4.299,10,460
-2,8.639,4.319,20,480
-2.049,8.59,4.259,20,500
-2.049,8.59,4.259,20,520
-2.079,8.569,4.259,20,540
-2.029,8.599,4.21,20,560
-2.029,8.599,4.21,20,580
-1.949,8.619,4.179,30,610
-1.909,8.609,4.25,10,620
-2.079,8.609,4.279,20,640
-2.009,8.72,4.21,20,660
-2.049,8.659,4.25,20,680
-1.889,8.539,4.269,30,710
-1.86,8.559,4.25,10,720
-1.849,8.579,4.239,20,740
-2.039,8.739,4.21,20,760
-2.039,8.739,4.21,20,780
-1.949,8.479,4.369,30,810
-1.979,8.529,4.21,10,820
-1.959,8.559,4.15,20,840
-1.949,8.63,4.11,30,870
-2.019,8.539,4.25,10,880
-1.969,8.679,4.21,20,900
-1.969,8.679,4.21,20,920
-1.979,8.639,4.21,20,940
-1.879,8.679,4.17,20,960
-1.879,8.679,4.17,20,980
-1.86,8.71,4.179,30,1010
-1.809,8.75,4.219,20,1030
-1.86,8.539,4.349,20,1050
-1.86,8.539,4.349,20,1070
-1.87,8.46,4.309,10,1080
-1.86,8.46,4.289,19,1099
-1.919,8.5,4.23,21,1120
-1.919,8.55,4.179,20,1140
-1.849,8.569,4.23,30,1170
-1.86,8.609,4.25,10,1180
-1.849,8.59,4.219,30,1210
-1.769,8.609,4.139,10,1220
-1.75,8.609,4.139,20,1240
-1.86,8.59,4.219,20,1260
-1.839,8.619,4.15,20,1280
-1.839,8.619,4.15,20,1300
-1.829,8.67,4.11,20,1320
-1.919,8.619,4.159,20,1340
-2.21,8.269,4.739,20,1360
-2.21,8.269,4.739,20,1380
-2.22,7.25,5.44,30,1410
-2.669,7.619,4.73,20,1430
-2.69,8.75,2.619,20,1450
-1.969,8.769,2.22,10,1460
-0.5,8.559,2.089,30,1490
0.289,8.46,2.389,10,1500
0.62,8.439,2.809,20,1520
-0.009,8.359,3.259,30,1550
-0.219,8.479,3.299,10,1560
-1.12,8.479,3.319,30,1590
-1.75,8.489,3.379,10,1600
-2.22,8.539,3.149,20,1620
-2.399,8.96,2.74,20,1640
-2.779,9.3,2.19,30,1670
-3.529,9.659,1.629,20,1690
-3.529,9.659,1.629,21,1711
-4.159,10.029,1.689,9,1720
-3.809,9.699,1.87,20,1740
-0.93,9.649,2.609,30,1770
-0.93,9.649,2.609,10,1780
0.469,9.569,2.819,20,1800
0.469,9.569,2.819,20,1820
1.379,9.729,2.47,20,1840
1.269,10.279,2.299,20,1860
1.269,10.279,2.299,20,1880
-0.289,11.219,1.179,20,1900
-1.469,11.59,0.889,20,1920
-1.469,11.59,0.889,20,1940
-4.139,11.859,0.269,20,1960
-3.98,11.309,0.439,20,1980
-3.329,11.01,0.479,30,2010
-3.579,10.019,-0.25,20,2030
-3.579,10.019,-0.25,10,2040
-2.95,9.34,0,20,2060
-2.95,9.34,0,20,2080
-1.909,8.51,0.599,20,2100
-1.699,9.059,0.859,30,2130
-1.759,9.13,1.279,9,2139
-1.899,8.849,1.61,21,2160
-2.269,9.05,1.849,20,2180
-2.619,8.979,2.119,30,2210
-2.47,8.739,2.159,10,2220
-2.23,8.55,2.149,30,2250
-0.579,8.979,1.269,10,2260
1.049,9.019,1.5,20,2280
2.829,10.17,2.039,20,2300
2.46,10.889,2.799,20,2320
2.349,10.579,3.199,20,2340
3.169,10.939,2.929,30,2370
3.679,11.219,3.109,9,2379
3.709,10.519,4.369,31,2410
3.709,10.519,4.369,10,2420
4.309,10.34,3.909,30,2450
4.589,10.809,3.019,20,2470
4.38,10.819,2,10,2480
4.059,9.719,1.829,20,2500
4.009,8.34,2,20,2520
4.339,7.519,1.809,20,2540
4.42,7.519,2.049,20,2560
3.97,7.569,2.44,20,2580
2.589,7.579,2.75,20,2600
0.699,8.88,2.319,20,2620
-0.629,9.309,2.079,20,2640
-0.629,9.309,2.079,20,2660
-1.819,8.909,2.5,20,2680
-1.24,8.779,3.179,20,2700
1.179,9.159,4.88,20,2720
1.589,9.189,5.319,20,2740
3.5,9.389,4.9,20,2760
3.309,9.63,4.699,20,2780
3.309,9.63,4.699,20,2800
0.819,7.429,5.819,20,2820
-0.229,6,4.859,30,2850
-0.449,6.079,4.38,10,2860
-1.62,6.859,2.549,20,2880
-2.5,5.73,2.369,20,2900
-1.5,3.779,3.809,20,2920
-0.529,4.699,5.069,30,2950
-0.049,8.039,3.909,20,2970
-0.049,8.039,3.909,10,2980
-2.2,12.279,2.7,30,3010
-3.289,12.609,3.21,20,3030
-3.629,11.8,3.419,10,3040
-3.619,10.929,3.269,30,3070
-3.159,14.359,1.639,10,3080
-3.269,17.19,0.429,20,3100
-6.609,19.819,-1.559,20,3120
-6.609,19.819,-1.559,20,3140
-7.809,19.819,5.409,20,3160
-1.829,19.819,8.159,20,3180
3.529,19.819,0,20,3200
1.799,18.539,-1.819,20,3220
2.49,13.96,-1.049,20,3240
10.719,-0.819,-2.45,30,3270
10.719,-0.819,-2.45,10,3280
9.979,-3.799,-0.269,20,3300
7.69,-2.089,0.659,20,3320
4.61,2.549,-2.009,30,3350
5.119,4.239,-2.039,20,3370
5.119,4.239,-2.039,10,3380
4.759,5.769,-0.5,20,3400
2.809,17.899,3.879,29,3429
-1.309,19.819,9.079,21,3450
-1.419,19.819,13.279,10,3460
7.21,16.219,17.5,20,3480
-0.849,16.579,7.69,30,3510
-2.109,16.969,2.24,20,3530
-2.109,16.969,2.24,20,3550
-5.519,7.919,0.229,10,3560
-5.71,4.049,3.659,20,3580
-5.089,-0.949,1.759,30,3610
-5.46,0.089,1.469,10,3620
-5.739,3.639,0.639,20,3640
-6.389,7.429,-0.019,20,3660
-6.42,7.649,0.299,20,3680
-5.96,7.44,0.689,30,3710
-1.169,9.96,0.68,10,3720
5.019,19.819,0.75,20,3740
2.539,19.819,4.579,20,3760
2.539,19.819,4.579,20,3780
10.92,19.819,4.63,20,3800
9.309,18.949,5.279,30,3830
3.009,9.289,7.379,10,3840
5.859,4.96,3.329,20,3860
12.069,2.19,0.569,20,3880
11.259,-2.429,1.299,30,3910
7.949,-2.609,0.349,20,3930
6.559,0.259,-0.399,20,3950
3.839,2.779,0.219,20,3970
3.839,2.779,0.219,10,3980
0.029,5.23,-0.31,20,4000
-0.029,8.309,1.029,20,4020
0.899,11.889,2.009,20,4040
-1.299,15.929,18.949,30,4070
-1.299,15.929,18.949,10,4080
6.289,12.67,15.219,30,4110
3.149,13.13,7.199,10,4120
-4.719,11.479,-0.849,20,4140
-11.079,6.559,-3.439,20,4160
-12.88,-1.23,-0.989,30,4190
-12.88,-1.23,-0.989,10,4200
-14.259,-3.169,-1.37,20,4220
-12.019,1.049,-0.329,20,4240
-8.3,6.199,-0.68,20,4260
-5.23,13.399,-0.349,34,4294
-1.759,19.819,-1.719,6,4300
3.159,19.819,-1.079,20,4320
6.299,19.819,3.99,20,4340
9.679,19.819,7,20,4360
10.469,19.819,6.609,20,4380
6.549,16.92,4.19,20,4400
2.019,12.029,2.599,20,4420
7.309,0.699,-0.039,30,4450
7.309,0.699,-0.039,10,4460
10.01,-1.299,-0.209,20,4480
6.889,-2.609,2.71,20,4500
6.889,-2.609,2.71,20,4520
5.109,2.149,-0.469,20,4540
3.769,2.429,0.539,20,4560
4.179,5.139,2,20,4580
4.179,5.139,2,20,4600
7.419,19.799,7.669,20,4620
5.119,19.659,10.829,20,4640
5.119,19.659,10.829,30,4670
5.289,14.409,12.829,10,4680
1.469,10.96,7.71,20,4700
-6.69,6.509,2.849,22,4722
-6.69,6.509,2.849,18,4740
-9.619,-1.059,-1.599,30,4770
-10.13,-1.74,-3.22,10,4780
-11.289,3.379,-2.159,20,4800
-10.3,5.94,0.429,20,4820
-7.679,7.769,2.869,20,4840
-4.819,10.21,2.99,20,4860
1.23,19.819,3.159,30,4890
4.289,19.819,2.059,10,4900
4.599,19.819,2.279,20,4920
10.349,19.819,3.379,20,4940
12.96,19.809,3.879,30,4970
10.939,17.319,5.619,10,4980
7.629,6.049,5.909,30,5010
11.55,-1.899,-0.25,20,5030
11.38,-2.44,1.159,10,5040
9.019,-2.329,1.169,20,5060
5.409,-0.149,-2.069,20,5080
4.19,0.25,-2.99,20,5100
2.589,0.159,-2.22,20,5120
1.22,1.949,0.14,30,5150
6.429,5.159,4.159,20,5170
7.369,7.649,6.889,10,5180
9.09,19.819,17.359,20,5200
4.469,19.279,15.789,30,5230
1.469,16.289,16.25,10,5240
2.829,8.659,9.849,20,5260
0.959,5.94,4.36,20,5280
-4.089,2.44,0.329,30,5310
-6.369,1.009,-2.19,10,5320
-9.46,-1.289,-2.899,30,5350
-11.38,-0.07,-1.319,20,5370
-11.59,1.309,0.519,10,5380
-10.289,3.889,4.569,20,5400
-5.509,6.829,4.739,20,5420
-4.75,9.149,3.269,20,5440
-4.48,12.55,3.049,30,5470
-1.959,19.819,3.5,10,5480
-5.42,19.819,5.089,19,5499
0.5,19.819,5.269,21,5520
7.669,19.819,3.369,30,5550
10.289,19.689,1.829,9,5559
4.949,1.75,6.699,31,5590
5.639,-1.669,3.819,10,5600
9.409,-4.319,-1.309,30,5630
10.349,-3.049,0.029,19,5649
7.219,-0.28,-1.189,21,5670
6.429,0.359,-2.049,9,5679
3.799,-0.259,-0.599,21,5700
2.069,2.22,1.399,20,5720
2.5,6.109,3.559,20,5740
4.65,5.329,4.489,30,5770
4.65,5.329,4.489,10,5780
5.839,15.139,11.05,20,5800
5.839,15.139,11.05,20,5820
3.549,11.069,11.369,20,5840
6.849,7.069,13.329,20,5860
-2.549,5.139,1.62,30,5890
-4.549,3.899,0.759,10,5900
-8.96,-1.539,-1.75,29,5929
-9.59,-0.61,-2.73,21,5950
-9.59,-0.61,-2.73,10,5960
-10.21,7.349,2.049,20,5980
-9.809,11.88,8.159,19,5999
-8.3,14.029,4.469,31,6030
-8.3,14.029,4.469,10,6040
-3.179,19.819,2.909,20,6060
-1.559,19.819,2.359,20,6080
2.589,19.819,2.549,20,6100
2.589,19.819,2.549,30,6130
15.839,17.17,-2.859,9,6139
11.539,1.319,6.21,21,6160
11.539,1.319,6.21,20,6180
11.219,-6.15,0.31,20,6200
11.13,0.039,2.19,20,6220
11.13,0.039,2.19,20,6240
0.839,4.639,-0.479,33,6273
-4.529,1.37,0.099,7,6280
-4.789,1.069,0.61,20,6300
-0.539,2.909,3.089,20,6320
4.88,2.289,4.329,20,6340
11.659,13.689,8.97,20,6360
15.25,19.809,14.21,20,6380
8.029,10.219,10.639,20,6400
2.519,8.189,8.479,29,6429
-2.669,4.48,0.56,21,6450
-2.669,4.48,0.56,10,6460
-8.809,1.039,-0.37,20,6480
-8.809,1.039,-0.37,20,6500
-11.439,-1.61,-2.21,20,6520
-11.029,5.629,1.459,30,6550
-11.029,5.629,1.459,10,6560
-9.22,8.139,4.4,20,6580
-6.609,11.63,6.15,20,6600
-7.509,10.539,5.549,20,6620
-4.199,19.819,3.709,20,6640
-3.079,19.819,0.56,30,6670
9.329,19.819,2.72,20,6690
9.329,19.819,2.72,10,6700
8.119,9.469,7.259,30,6730
6.089,4.279,7.159,10,6740
7.96,-6.789,-0.479,20,6760
10.389,-5.21,0.289,20,6780
10.21,2.549,-0.56,20,6800
6.639,3.189,-2.609,29,6829
2.74,1.409,-2.929,21,6850
2.339,2.109,-0.649,10,6860
8.429,5.039,4.519,30,6890
13.369,5.769,9.639,10,6900
14,10.429,11.239,20,6920
14,10.429,11.239,20,6940
3.699,17.75,11.239,29,6969
-1.439,11.5,8.17,21,6990
-3.24,9.649,7.659,10,7000
-7.529,4.67,2.059,30,7030
-7.529,4.67,2.059,10,7040
-9.079,1.289,-0.489,30,7070
-9.46,0.769,-1.279,20,7090
-9.46,0.769,-1.279,10,7100
-6.599,2.269,1.99,20,7120
-3.98,3.349,4.779,20,7140
-1.909,6.449,6.19,20,7160
-1.87,9.529,4.739,20,7180
-1.87,9.529,4.739,20,7200
-1.159,19.819,7.089,30,7230
-4.389,19.819,4.789,9,7239
2.379,19.819,4.809,21,7260
5.799,19.729,3.379,20,7280
2.889,4.289,5,20,7300
2.429,-0.539,0.61,30,7330
3.799,-2.409,-1.809,9,7339
11.939,-5.5,-3.929,21,7360
14.309,-3.119,-2.72,20,7380
11.939,-0.719,-3.369,20,7400
8.34,0.709,-3.369,30,7430
4.859,3.319,-2.939,10,7440
4.94,8.599,-0.74,20,7460
5.199,14.639,5.819,20,7480
4.15,19.819,13.199,20,7500
-1.189,12.619,15.25,20,7520
4.589,12.029,11.42,30,7550
2.929,12.34,8.409,10,7560
0.759,10.869,7.239,20,7580
-1.009,8.25,5.589,19,7599
-3.599,-1.579,1.23,21,7620
-7.609,-0.75,2.609,30,7650
-7.609,-0.75,2.609,10,7660
-5.73,2.25,3.119,30,7690
-5.73,2.25,3.119,10,7700
-3.129,9.679,5.339,20,7720
-3.169,19.439,3.439,29,7749
-9.469,19.819,1.179,21,7770
-14.489,19.819,1.649,9,7779
1.09,19.819,3.049,21,7800
6.889,17.859,2.629,29,7829
7.949,7.349,7.039,21,7850
7.649,2.25,6.569,10,7860
7.649,2.25,6.569,20,7880
9.069,-6.569,-0.629,20,7900
9.67,-2.009,-1.409,20,7920
7.669,2.679,-2.769,20,7940
1.75,1.819,-1.469,30,7970
0.579,1.5,-0.789,10,7980
-0.879,3.789,2.22,20,8000
2.46,7.879,7.789,30,8030
2.46,7.879,7.789,20,8050
9.019,19.539,11.939,9,8059
8.059,19.779,14.889,21,8080
4.009,13.389,12.84,20,8100
1.35,10.269,8.929,20,8120
-5.329,5.029,5.599,20,8140
-6.909,3.839,3.599,30,8170
-8.359,2.2,-0.34,10,8180
-7.519,0.389,-0.239,20,8200
-5.589,-1.199,4.139,20,8220
-4.389,-0.909,7.23,20,8240
-1.789,0.75,5.859,30,8270
-1.769,4.369,7,10,8280
-2.359,5.96,7.539,20,8300
-2.46,12.199,4.989,30,8330
-2.879,19.819,4.699,10,8340
-3.49,19.819,5.549,30,8370
-0.229,19.819,5.119,10,8380
2.899,17.84,6.329,20,8400
1.159,9.939,8.59,30,8430
1.139,-0.539,3.49,20,8450
1.139,-0.539,3.49,9,8459
6.67,3.149,2.109,21,8480
6.869,4.599,1.979,20,8500
6.23,3.329,-1.409,30,8530
7.519,3.549,-2.619,20,8550
7.719,4.159,-1.889,10,8560
7.109,5.659,-0.599,19,8579
5.549,6.719,0.189,21,8600
5.4,16.5,10.84,30,8630
8.229,19.819,9.409,10,8640
6,13.359,11.05,19,8659
2.73,10.479,9.679,21,8680
-0.649,9.449,8.519,20,8700
-3.149,4.859,6.019,30,8730
-3.149,4.859,6.019,10,8740
-5.299,1.75,2.669,20,8760
-5.299,1.75,2.669,20,8780
-6.96,0.299,0.989,20,8800
-7.019,0.539,3.289,20,8820
-6.389,0.689,4.349,20,8840
-3.069,2.279,5.48,20,8860
-2.309,4.909,6.819,20,8880
-2.649,10.199,4.289,20,8900
-6.529,19.819,0.979,30,8930
-6.529,19.819,0.979,10,8940
0.819,19.819,4.089,20,8960
0.819,19.819,4.089,20,8980
5.279,7.519,6.929,20,9000
2.569,-0.159,7,20,9020
2.569,-0.159,7,20,9040
7.089,-3.789,0.74,20,9060
8.01,2.769,-0.37,20,9080
9.17,4.819,-1.889,20,9100
9.729,5.259,-2.139,20,9120
5.259,2.359,1.579,20,9140
5.98,8.01,3.529,20,9160
7.639,19.819,9.399,20,9180
4.599,19.819,11.05,20,9200
1.829,19.649,12.109,20,9220
2.72,9.609,11.769,20,9240
2.72,9.609,11.769,30,9270
-4.759,6.219,1.09,9,9279
-5.789,3.109,0.17,21,9300
-6.239,-1.36,0.25,20,9320
-6.139,-3.259,0.449,20,9340
-6.519,-3.869,0.419,20,9360
-8.96,2.669,3.819,20,9380
-8.569,4.42,7.269,20,9400
-8.779,8.099,6.829,20,9420
-7.839,11.75,3.429,30,9450
-7.109,18.43,2.98,10,9460
-11.88,19.819,2.859,20,9480
-2.259,19.819,4.9,20,9500
-2.259,19.819,4.9,20,9520
10.26,18.059,3.22,20,9540
5.75,6.349,11.229,20,9560
4.299,1.709,8.389,19,9579
13.029,-8.079,-2.71,31,9610
13.21,-1.669,0.839,10,9620
8.699,3.23,-1.399,20,9640
4.449,3.709,-3.099,20,9660
2.509,2.089,-2.509,20,9680
3.98,4.13,0.089,20,9700
3.189,6.549,5.42,20,9720
0.689,10.179,12.05,30,9750
1.559,19.819,11.399,10,9760
2.339,14.109,12.63,20,9780
3.549,10.609,13.38,20,9800
-1.37,5.179,8.059,20,9820
-4.839,5.579,1.86,20,9840
-8.699,2.569,-0.009,20,9860
-10.859,-3.639,0.939,20,9880
-10.649,-2.149,1.439,30,9910
-10.649,-2.149,1.439,10,9920
-8.529,5.679,3.679,20,9940
-7.359,8.519,4.859,20,9960
-4.92,18.829,5.219,20,9980
-4.46,19.799,5.23,30,10010
-3.689,19.699,4.789,10,10020
2.2,19.819,4.179,20,10040
3.859,17.659,2.599,20,10060
3.529,8.289,3.74,20,10080
3.529,8.289,3.74,20,10100
7.469,-12.189,-3.939,20,10120
14.319,-13.659,-1.599,20,10140
14.319,-13.659,-1.599,20,10160
18.68,4.519,-3.609,20,10180
11.509,4.67,2.049,20,10200
6.369,10.769,3.72,20,10220
7.94,19.809,6.289,20,10240
4.849,19.819,16.629,30,10270
2.879,12.969,17.569,10,10280
3.98,7.25,13.389,19,10299
-0.039,10.109,5.049,21,10320
-3.5,6.269,1.189,30,10350
-6.219,-0.669,1.269,20,10370
-6.219,-0.669,1.269,19,10389
-9.539,-6.839,-2.71,31,10420
-10.219,0.229,-3.299,9,10429
-12.109,9.67,1.059,21,10450
-12.55,13.609,7.099,20,10470
-9.729,16.199,7.98,9,10479
-1.419,19.139,3.359,21,10500
4.009,19.819,2.71,20,10520
5.289,19.819,4.539,30,10550
7.149,19.819,3.589,10,10560
8.319,19.819,2.2,20,10580
9.25,19.27,1.62,20,10600
8.029,8.46,4.699,20,10620
7.349,-7.19,0.469,20,10640
11.119,-10.579,0.5,20,10660
10.689,3.74,-1.549,20,10680
8.42,5.119,-1.819,20,10700
4.179,2.019,-0.729,20,10720
2.899,3.269,1.049,29,10749
4.389,4.48,2.619,21,10770
8.369,5.92,7.819,10,10780
11.189,12.319,9.039,20,10800
3.819,19.819,12.009,20,10820
-0.579,18.579,10.319,20,10840
-1.769,7.659,6.819,30,10870
-3.529,4.009,3.379,20,10890
-5.299,2.839,3.049,10,10900
-6.75,1.679,2.75,20,10920
-9.029,-1.909,-0.719,20,10940
-9.019,-2.769,-2.169,19,10959
-11.269,6.5,-1.569,31,10990
-11.269,6.5,-1.569,10,11000
-11.489,1.319,5.299,19,11019
-7.809,1.529,4.75,21,11040
-6.609,3.449,3.25,30,11070
-4.019,16.959,2.649,10,11080
-2.319,19.819,4.639,30,11110
-2.319,19.819,4.639,10,11120
14.839,19.819,4.23,20,11140
2.669,8.22,10.8,30,11170
2.669,8.22,10.8,10,11180
4.089,-4.299,0.289,30,11210
9.449,-7.98,2.119,20,11230
9.449,-7.98,2.119,10,11240
6.849,0.28,-1.809,30,11270
6.73,1.129,-3.779,10,11280
5.809,0.449,-3.349,30,11310
7.949,4.61,2.679,20,11330
7.949,4.61,2.679,10,11340
12.809,7.069,8.13,20,11360
17.609,19.739,11.699,20,11380
1.179,19.819,11,30,11410
-3.019,17.859,11.179,10,11420
-2.929,4,5.449,20,11440
-4.239,1.99,2.96,20,11460
-4.239,1.99,2.96,20,11480
-7.009,1.899,-1.899,20,11500
-8.67,1.289,-4.029,20,11520
-10.099,3.579,-2.579,30,11550
-10.899,4.73,1.09,10,11560
-10.739,3.399,3.079,20,11580
-5.21,1.48,3.829,30,11610
-5.21,1.48,3.829,10,11620
-4.559,7.609,2.579,20,11640
-4.539,9.51,1.839,20,11660
-3.429,16.299,1.839,20,11680
-4.049,19.819,5.69,30,11710
13.799,19.819,4.25,10,11720
9.789,9.469,9.039,30,11750
2.809,4.829,5.639,20,11770
3.589,0.909,-1.1,10,11780
5.949,-0.639,-1.719,19,11799
10.63,-3.309,0.729,21,11820
10.5,-4.889,0.289,20,11840
9.269,-2.269,-1.86,20,11860
5.9,-0.089,-1.679,19,11879
5.619,3.22,0.979,31,11910
7.059,6.829,3.819,9,11919
11.8,19.819,10.889,31,11950
11.8,19.819,10.889,20,11970
-2.25,19.369,16.879,9,11979
0.07,14.589,13.739,21,12000
-1.87,5.219,8.01,30,12030
-3.809,2.389,1.75,10,12040
-4.44,2.819,-2.23,30,12070
-5.029,3.039,-4.289,10,12080
-8.699,0.299,-5.119,30,12110
-10.819,-0.009,-0.419,20,12130
-10.819,-0.009,-0.419,10,12140
-10.449,0.439,4.539,20,12160
-6.46,2.319,2.629,20,12180
-6.159,6.329,2.269,20,12200
-6.159,6.329,2.269,30,12230
-9.17,11.269,3.139,10,12240
-4.19,19.819,0.289,20,12260
3.139,19.819,8.309,30,12290
3.139,19.819,8.309,20,12310
8.17,15.199,7.73,9,12319
1.48,7.649,8.789,21,12340
-0.62,3.319,0.489,20,12360
0.959,1.62,-2.18,30,12390
8.05,-4.779,-3.379,10,12400
9.92,-3.919,-1.059,30,12430
9.099,-1.899,-1.22,10,12440
8.38,-0.25,-1.539,20,12460
5.759,2.379,-0.529,20,12480
3.809,3.47,1.469,20,12500
4.429,7.21,3.319,20,12520
6.119,19.459,10.229,20,12540
-2.379,19.819,14.559,21,12561
-7.199,19.819,16.809,19,12580
-3.899,19.819,16.449,20,12600
-2.169,3.889,7.19,30,12630
-2.169,3.889,7.19,10,12640
-2.5,1.539,-0.179,30,12670
-3.599,1.919,-2.059,10,12680
-6.179,0.649,-4.099,20,12700
-7.949,-1.449,-3.019,20,12720
-9.779,-0.979,1.639,20,12740
-10.079,0.219,4.339,20,12760
-8.26,2.69,2.529,20,12780
-8.26,2.69,2.529,20,12800
-9.189,7.069,1.649,30,12830
-5.389,18.149,0.949,20,12850
-5.389,18.149,0.949,10,12860
-14.189,19.819,3.019,20,12880
4.639,19.819,10.639,20,12900
9.939,19.639,8.21,19,12919
5.15,10.859,11.309,31,12950
-0.229,3.099,2.389,10,12960
3.569,-0.07,-2.25,20,12980
8.369,-3.289,-3.129,20,13000
10.399,-7.649,-2.899,20,13020
10.38,-3.49,-2.809,20,13040
10.38,-3.49,-2.809,20,13060
5.759,1.979,-1.149,20,13080
3.519,3.99,1.299,30,13110
3.009,4.989,2.24,10,13120
3.799,6.48,5.46,20,13140
9.019,19.52,7.789,30,13170
-2.939,19.819,13.269,10,13180
-2.599,19.229,17.34,20,13200
-1.539,13.239,14.579,20,13220
-3.269,2.44,6.319,20,13240
-4.819,3.319,-4.299,30,13270
-4.819,3.319,-4.299,20,13290
-7.089,3.759,-6.639,9,13299
-10.309,0.56,-5,21,13320
-11.119,-0.089,2.159,20,13340
-10.329,1.519,6.609,30,13370
-8.59,2.47,6.579,10,13380
-6.789,3.429,4.019,20,13400
-5.259,5.099,2.639,30,13430
2.569,19.639,-0.899,20,13450
-10.659,19.819,5.319,10,13460
4.019,18.369,10.539,30,13490
5.98,14.279,8.38,10,13500
5.599,7.909,7.039,20,13520
1.389,3.899,1.949,30,13550
1.939,2.569,-2.619,10,13560
4.789,1.189,-1.579,20,13580
5.219,-5.929,0.629,30,13610
5.269,-7.029,1.1,10,13620
3.899,-4.519,1.599,20,13640
3.369,5.659,0.359,30,13670
3.369,5.659,0.359,10,13680
4.349,15.729,8.139,30,13710
2.819,19.819,6.819,20,13730
-7.119,15.759,12.449,10,13740
4.779,16.629,8.47,20,13760
5.119,18.139,4.859,20,13780
5.119,18.139,4.859,29,13809
-7.94,10.369,0.879,21,13830
-8.849,7.75,-0.719,10,13840
-8.059,4.319,0.419,20,13860
-6.809,-1.589,3.039,20,13880
-6.789,-4.44,3.339,30,13910
-7.719,-3,3.039,20,13930
-6.98,0.159,2.21,10,13940
1.759,19.819,-5.029,30,13970
-18.299,19.569,-2.47,10,13980
-13.409,17.489,9.469,29,14009
2.409,17.479,6.21,21,14030
1.09,17.469,6.48,20,14050
-2.46,15.569,4.17,10,14060
-4.46,14.279,0.079,20,14080
0.34,8.21,-4.259,20,14100
5.989,-0.029,-2.309,29,14129
6.269,-7.089,-1.259,21,14150
6.849,-9.809,-1.11,20,14170
6.519,-9.59,-1.279,10,14180
5.219,-4.819,-2.269,20,14200
4.36,2.74,-1.62,30,14230
3.799,4.519,-0.68,10,14240
2.119,6.75,3.589,20,14260
4.759,19.779,7.779,20,14280
4.759,19.779,7.779,20,14300
-1.279,11.759,14.389,20,14320
4.659,10.59,12.279,30,14350
1.189,9.979,5.4,10,14360
-8.47,10.979,-2.73,20,14380
-8.47,10.979,-2.73,20,14400
-10.899,1.429,-3.23,30,14430
-8.909,-6.75,0.699,20,14450
-8.909,-6.75,0.699,20,14470
-8.349,-3.659,5.179,9,14479
-3.169,3.019,2.629,31,14510
15.949,19.819,-6.339,10,14520
-4.15,16.6,2.269,30,14550
6.579,15.279,10.899,20,14570
7.739,10.479,5.75,20,14590
5.659,10.88,4.339,9,14599
2.639,10.92,2.44,21,14620
2.639,10.92,2.44,20,14640
2.25,5.009,2.319,30,14670
3.809,2.919,2.339,10,14680
4.799,3.099,2.75,20,14700
5.699,11.019,7.889,29,14729
2.359,16.26,13.029,21,14750
2.359,16.26,13.029,10,14760
3.5,10.3,16,30,14790
2.259,10.25,15.849,10,14800
1.399,9.289,12.869,20,14820
3.179,7.69,10.779,19,14839
6.359,5.67,8.809,30,14869
9.119,4.96,9.25,21,14890
9.119,4.96,9.25,10,14900
5.96,6.569,12.599,20,14920
4.509,7.889,12.92,19,14939
1.24,7.899,12.019,21,14960
-2.069,7.559,10.319,30,14990
-2.559,6.19,7.819,9,14999
-2.549,5.339,6.869,21,15020
-2.47,4.049,5.199,20,15040
-3.909,0.759,0.14,30,15070
-4.699,-0.239,-1.899,20,15090
-5.159,0.469,-3.349,20,15110
-5.159,0.469,-3.349,10,15120
-5.5,3,-2.919,20,15140
-5.5,3,-2.919,20,15160
-5.139,11.939,2.409,20,15180
-3.049,19.819,4.779,20,15200
-2.589,19.819,4.599,30,15230
-2.589,19.819,4.599,9,15239
-0.589,17.289,7.089,21,15260
-0.589,17.289,7.089,19,15279
-0.079,19.709,2.869,31,15310
0.62,18.69,1.779,10,15320
6.579,14.989,-0.56,20,15340
8.559,11.079,-0.489,20,15360
8.559,11.079,-0.489,20,15380
7.419,3.21,0.34,30,15410
6.839,-0.839,0.199,20,15430
7.149,-2.849,0.039,10,15440
6.409,0.25,1.029,20,15460
3.529,5.769,2.399,20,15480
3.889,19.51,5.19,30,15510
-0.959,19.819,8.8,19,15529
-1.269,12.359,12.969,21,15550
-1.169,8.619,13.059,10,15560
-2.649,3.179,10.189,20,15580
-5.059,5.609,3.819,20,15600
-5.17,8.579,-2.74,20,15620
-5.17,8.579,-2.74,30,15650
-4.69,3.569,1.629,10,15660
-1.12,2.519,4.96,20,15680
-1.12,2.519,4.96,20,15700
0.129,3.849,2.409,20,15720
-6.46,3.439,1.429,30,15750
-5.629,4.239,1.299,10,15760
-3.309,7.569,1.309,20,15780
-2.059,10.179,1.449,20,15800
-2.059,10.179,1.449,20,15820
-3.73,19.369,6.059,20,15840
-3.109,19.819,6.309,30,15870
-3.109,19.819,6.309,10,15880
10.389,19.819,5.059,20,15900
9.149,16.569,8.329,20,15920
-0.429,9.769,2.629,30,15950
7.469,0.429,-2.72,20,15970
7.469,0.429,-2.72,10,15980
13.799,-9.05,-0.529,20,16000
13.799,-9.05,-0.529,20,16020
5.529,0.56,2.029,20,16040
1.959,5.569,2.829,30,16070
2.329,6.25,2.349,10,16080
5.629,8.159,3.75,30,16110
6.769,9.88,5.319,10,16120
7.569,16.389,11,20,16140
5.789,14.559,14.539,20,16160
5.199,9.239,13.829,20,16180
2.659,8.369,9.109,20,16200
0.859,10.639,2.129,30,16230
-4.039,6.949,-2.099,10,16240
-7.159,0.079,-1.259,30,16270
-8.069,-3.949,-1.62,10,16280
-11.119,-3.639,-3.309,20,16300
-15.369,4.859,-2.049,20,16320
-15.369,4.859,-2.049,20,16340
-15.099,17.67,8.22,30,16370
-4.019,19.819,2.98,10,16380
5.409,19.819,5.449,30,16410
2.509,19.819,8.619,9,16419
-3.359,19.819,8.609,30,16449
5.799,19.819,-4.949,21,16470
7.809,14.67,-0.289,20,16490
7.809,14.67,-0.289,10,16500
3.889,2.269,-0.029,30,16530
9.22,-8.3,-4.92,20,16550
9.22,-8.3,-4.92,10,16560
16.049,-9.079,-0.07,20,16580
11.389,6.809,-0.669,30,16610
9.609,8.26,-0.639,10,16620
6.579,7.649,0.579,20,16640
6.969,11.509,5.809,20,16660
4.289,17.19,13.009,20,16680
2.629,11.059,12.119,20,16700
2.629,11.059,12.119,20,16720
3.949,4.849,14.229,20,16740
3.379,9.949,10.149,20,16760
0.189,7.279,3.949,20,16780
-0.759,5.46,2.609,20,16800
-0.759,5.46,2.609,20,16820
-2.779,-2.009,-0.899,20,16840
-2.829,-5.079,-1.929,30,16870
-5.21,-1.87,-2.309,10,16880
-9.149,9,4.049,30,16910
-9.149,9,4.049,10,16920
-7.399,14.5,6.69,30,16950
-5.909,13.469,4.219,20,16970
-4.88,17.719,3.829,10,16980
-4.779,19.819,3.369,20,17000
-9.119,19.819,2.039,20,17020
-4.489,19.819,3.029,20,17040
2.429,19.819,3.009,20,17060
9.149,13.239,3.829,20,17080
11.3,-2.659,3.319,30,17110
14.609,-5.739,1.189,10,17120
15.039,-3.49,0.5,20,17140
15.039,-3.49,0.5,20,17160
9.51,2.649,-3.669,20,17180
5.75,2.19,-4.269,20,17200
5.75,2.19,-4.269,20,17220
2.319,3.509,-2.629,20,17240
2.22,15.569,8.189,30,17270
2.22,15.569,8.189,10,17280
3.559,16.809,14.829,20,17300
4.139,5.829,14.46,30,17330
-1.049,10.449,5.509,20,17350
-1.049,10.449,5.509,20,17370
-6.719,7.21,-0.519,10,17380
-8.889,4.42,-0.589,20,17400
-9.479,-1.09,0.039,20,17420
-9.01,-1.469,1.23,20,17440
-9.01,-1.469,1.23,19,17459
-5.529,0.479,7.019,31,17490
-4.369,6.079,6.329,20,17510
-4.659,10.389,6,20,17530
-5.17,10.739,5.539,10,17540
-3.269,19.319,4.529,20,17560
-7.94,19.819,4.529,30,17590
-6.92,19.819,6.949,10,17600
7.259,19.819,2.47,20,17620
7.049,14.029,6.369,20,17640
2.419,0.81,3.22,30,17670
4.869,-1.699,0.089,10,17680
9.649,-4.019,-1.519,30,17710
10.019,-4.139,1.179,10,17720
7.809,-1.759,-1.069,20,17740
8.63,2.129,-3.72,20,17760
4.92,2.789,-0.479,20,17780
4.909,3.529,1.839,20,17800
5.739,5.839,4.19,20,17820
5.839,11.179,6.839,30,17850
5.809,19.819,11.409,20,17870
5.809,19.819,11.409,10,17880
6.859,10.809,15.809,30,17910
4.19,10.8,11.759,10,17920
-0.149,9.289,7.75,20,17940
-4.539,6.989,5.809,20,17960
-8.309,3.269,0.799,19,17979
-8.639,-0.799,-2.549,31,18010
-8.639,-0.799,-2.549,10,18020
-8.42,2.669,2.849,20,18040
-8.42,2.669,2.849,20,18060
-4.469,5.67,5.719,20,18080
-2.609,10.05,6.539,20,18100
-2.279,11.689,6.119,20,18120
-0.519,19.299,3.039,20,18140
-6.869,19.819,1.839,20,18160
-6.869,19.819,1.839,19,18179
4.559,19.819,4.469,21,18200
8.149,11.369,4.269,20,18220
3.48,5.259,6.619,20,18240
3.689,2.399,4.559,20,18260
10.55,-3.449,1.11,20,18280
10.829,-4.809,3.97,20,18300
6.839,1.149,-1.48,30,18330
4.299,2.139,-1.809,20,18350
2.71,2.44,-0.859,10,18360
0.909,4.17,1.49,20,18380
2.159,7.839,5.469,30,18410
2.159,7.839,5.469,10,18420
8.699,19.819,10.76,30,18450
6.699,14.489,13.649,20,18470
6.699,11.529,14.599,10,18480
1.269,10.029,9.859,20,18500
-3.409,5.659,3.589,20,18520
-4.009,3.659,1.469,20,18540
-4.46,1.86,0.389,20,18560
-5.259,-0.56,-0.37,19,18579
-7.119,-1.199,-0.349,31,18610
-7.119,-1.199,-0.349,10,18620
-7.19,1.309,0.709,20,18640
-5.69,5.339,5.44,20,18660
-5.19,6.309,6.609,20,18680
-5.44,6.909,5.929,20,18700
-5.279,11.96,4.719,20,18720
-9.01,19.819,1.409,29,18749
-3.5,19.819,6.15,21,18770
-0.479,19.819,5.819,10,18780
4.349,14.449,5.259,20,18800
5.969,8.519,6.409,20,18820
3.799,0.31,5.509,19,18839
10.729,-4.409,0.93,21,18860
9.8,0.049,3.409,20,18880
6.659,3.779,0.039,30,18910
5.619,2.649,-0.14,10,18920
2.589,0.059,0.55,20,18940
1.679,1.689,1.74,20,18960
2.089,3.5,2.089,20,18980
3.549,13.46,10.25,20,19000
6.15,19.819,14.46,20,19020
4.65,12.179,16.19,20,19040
1.919,8.929,12.899,20,19060
0.049,9.099,9.21,20,19080
-4.119,6.269,1.689,20,19100
-5.239,3.339,0.259,30,19130
-5.969,1.599,0.189,10,19140
-6.23,0.34,0.579,20,19160
-6.23,0.34,0.579,19,19179
-6.239,2.5,6.469,21,19200
-3.829,2,7.519,30,19230
-2.389,6.329,7.44,20,19250
-2.389,6.329,7.44,10,19260
-1.23,16.719,5.319,20,19280
-1.23,16.719,5.319,20,19300
-15.829,18.479,10.569,30,19330
-4.42,18.879,7.519,9,19339
6.179,19.76,2.609,20,19359
2.319,5.259,9.679,21,19380
0.14,-0.349,4.969,20,19400
4.489,-3.059,0,30,19430
7.819,-3.809,0,9,19439
7.94,-0.259,0.17,21,19460
8.479,3.099,-0.31,30,19490
7.219,3.129,-0.179,10,19500
4.339,2.859,0.56,30,19530
4.179,6.039,0.779,9,19539
4.299,9.979,3.75,21,19560
2.819,17.129,9.829,20,19580
1.599,19.819,12.479,30,19610
5.15,8.88,12.949,10,19620
-0.699,8.849,8.229,30,19650
-3.569,7.949,6.059,10,19660
-8.739,6.469,1.22,20,19680
-8.739,6.469,1.22,20,19700
-11.38,0.349,1.039,20,19720
-11.929,-0.179,3.009,20,19740
-11.929,-0.179,3.009,19,19759
-8.199,2.97,6.599,21,19780
-4.849,6.239,4.549,20,19800
-5.19,12.039,5.199,20,19820
-4.929,17.059,1.87,20,19840
-5.719,19.819,-0.68,20,19860
-9.119,19.819,2.589,20,19880
7.739,19.26,0.639,20,19900
7.739,19.26,0.639,20,19920
4.279,-0.439,5.71,30,19950
2.939,-3.779,3.039,10,19960
3.909,-5.989,0.419,30,19990
9.039,2.279,1.159,20,20010
7.899,3.839,0.459,20,20030
6.279,3.429,-0.449,10,20040
4.549,1.669,0.039,20,20060
3.299,3.389,2.379,20,20080
3.279,4.9,2.46,20,20100
3.389,15.25,9.729,20,20120
3.159,19.819,11.039,20,20140
0.75,11,15.279,20,20160
2.389,9.939,12.979,20,20180
1.73,8.92,10.269,20,20200
-4.159,3.99,0.75,20,20220
-4.159,3.99,0.75,20,20240
-4.71,1.079,-2.44,20,20260
-4.699,-0.889,-1.069,30,20290
-5.119,0.009,2.269,20,20310
-6.259,0.56,8.8,10,20320
-5.989,0.439,8.47,30,20350
-8.71,7.449,4.589,10,20360
-14.449,9.729,0.919,20,20380
-14.619,15.649,0.259,20,20400
-14.619,15.649,0.259,20,20420
-4.719,19.819,4.42,20,20440
1.009,19.819,4.71,20,20460
6.289,19.819,2.549,20,20480
5.759,3.319,9.869,20,20500
5.469,-3.72,-0.81,30,20530
7.199,-2.799,-0.789,10,20540
7.369,0.849,-0.889,30,20570
7.369,0.849,-0.889,10,20580
7.409,2.379,-1.819,20,20600
5.839,0.919,2.2,30,20630
5.859,3.549,3.769,10,20640
6.719,14.599,9.439,30,20670
6.719,14.599,9.439,10,20680
6.039,19.819,12.179,20,20700
1.599,14.289,16.44,30,20730
2.25,13.21,13,10,20740
2.25,13.21,13,20,20760
-6.899,4.73,2.74,20,20780
-7.96,1.74,-0.439,20,20800
-7.96,1.74,-0.439,20,20820
-3.069,-3.139,-0.419,30,20850
-1.169,-1.429,2.23,10,20860
-3.789,3.569,6.759,20,20880
-6.509,3.809,8.029,20,20900
-8.029,2.679,6.589,30,20930
-7.629,5.17,5.769,10,20940
-7.799,7.409,4.839,20,20960
-4.92,14.839,3.22,20,20980
-14.059,19.819,6.519,20,21000
0.109,13.13,7.049,20,21020
4.299,11.909,5.599,20,21040
1.629,10.529,4.969,20,21060
1.629,10.529,4.969,20,21080
-1.439,0,-0.399,20,21100
4.319,-2.21,-1.87,20,21120
4.319,-2.21,-1.87,20,21140
10.519,3.119,3.389,30,21170
8.42,3.959,3.009,10,21180
6.289,0.269,1.259,20,21200
8.699,4.73,3.339,30,21230
11.189,19.819,11.219,20,21250
6.009,19.819,16.309,10,21260
6.009,19.819,16.309,19,21279
4.849,12.189,18.659,31,21310
-0.699,11.42,12.309,10,21320
-4.349,8.739,6.029,20,21340
-5.549,5.199,1.399,30,21370
-5.299,2.99,-2.71,9,21379
-6.69,1.769,-4.009,21,21400
-8.659,-2.649,-2.72,20,21420
-9.979,-2.169,0.379,20,21440
-11.75,1.12,3.519,20,21460
-11.75,1.12,3.519,20,21480
-8.269,3.519,3.199,20,21500
-5.829,5.629,2.74,20,21520
-5.339,10.219,1.959,20,21540
-1.529,19.819,1.279,20,21560
-11.889,19.819,3.75,20,21580
1.389,19.819,8.309,20,21600
11.759,19.819,5.9,30,21630
11.759,19.819,5.9,19,21649
1.159,6.819,7.519,21,21670
1.549,3.74,5.13,10,21680
6.819,-4.179,-0.269,30,21710
6.799,-5.049,0.039,10,21720
6.389,-3.689,-0.059,30,21750
5.829,-0.659,-0.799,10,21760
4.759,1.759,-0.029,20,21780
2.419,4.869,3.259,20,21800
4.38,7.199,6.519,30,21830
4.38,7.199,6.519,10,21840
4.799,19.649,11.019,20,21860
4.799,19.649,11.019,20,21880
-4.5,19.709,13.659,20,21900
-4.119,15.299,10.519,22,21922
-5.279,11.949,8.519,18,21940
-6.779,4.989,4.17,20,21960
-5.819,3.109,2.309,20,21980
-5.819,3.109,2.309,20,22000
-3.75,0.449,-1.849,30,22030
-3.22,-1.639,-1.949,9,22039
-3.509,-0.909,1.059,21,22060
-4.579,0.319,6.109,20,22080
-5.15,-1.789,7.149,20,22100
-7.199,1.809,4.579,20,22120
-8.8,5.639,4.239,20,22140
-7.259,19.51,3.959,20,22160
-19.549,19.819,3.25,20,22180
-6,19.219,9.899,30,22210
-6,19.219,9.899,10,22220
2.599,14.939,7.899,20,22240
2.599,14.939,7.899,20,22260
0.179,3.859,2.74,20,22280
4.569,-0.17,-0.179,20,22300
9.279,-2.879,0.039,20,22320
9.229,-4.279,2.24,20,22340
8.229,-3.039,2.7,20,22360
6.179,6.219,2.609,20,22380
0.659,6.23,5.25,20,22400
0.659,6.23,5.25,20,22420
-0.55,7.329,6.969,30,22450
-1.179,9.559,9.75,10,22460
-9.239,15.559,14.069,20,22480
-8.579,8.97,16.109,20,22500
-3.539,5.92,13.109,20,22520
-2.659,5.799,10.469,20,22540
-4.199,4.329,6.699,20,22560
-5.699,3.119,5.079,20,22580
-6.609,2.95,2.289,30,22610
-6.609,2.95,2.289,20,22630
-5.4,-1.149,2.49,9,22639
-4.809,-2.129,4.329,21,22660
-2.379,-1.769,5.589,20,22680
-0.479,-0.489,5.319,30,22710
-0.629,0.899,5.219,10,22720
-2.549,5.289,6.309,20,22740
-3.629,12.269,6.119,30,22770
-10.529,19.819,11.389,10,22780
-12.059,12.92,11.55,20,22800
-9.309,15.569,10.979,30,22830
-4.759,16.049,8.38,9,22839
-4.17,4.739,5.679,31,22870
-4.17,4.739,5.679,10,22880
-1.99,0,1.909,20,22900
9.3,-1.529,-0.109,30,22930
9.3,-1.529,-0.109,10,22940
9.739,-1.62,0,20,22960
11.929,1.029,-1.179,20,22980
9.17,1.539,1.649,20,23000
6.049,4.19,5.789,20,23020
2.609,10.659,10.439,30,23050
1.509,17.139,12.399,10,23060
-7.769,19.819,13.109,20,23080
-9.76,8.09,14.279,30,23110
-3.799,7.589,8.639,10,23120
-4.239,6.67,6.529,20,23140
-4.699,6.539,5.259,20,23160
-5.5,6.859,1.35,20,23180
-6.909,2.279,-0.429,30,23210
-6.549,0.189,-0.009,10,23220
-5.159,-2.24,2.579,20,23240
-1.87,0.28,7.739,20,23260
-0.629,1.469,7.819,20,23280
-0.019,3.839,6.469,20,23300
-1.149,5.15,5.9,20,23320
-14.079,19.819,4.949,30,23350
-14.079,19.819,4.949,10,23360
-13.519,15.67,12.519,20,23380
-13.519,15.67,12.519,30,23410
-3.98,15.13,6.259,20,23430
-3.98,15.13,6.259,10,23440
0.939,4.699,0.029,30,23470
7.139,1.949,-0.909,10,23480
9.739,-2.659,0.659,30,23510
7.609,-3.189,0.399,20,23530
7.609,-3.189,0.399,20,23550
9.189,4.44,-0.359,10,23560
5.19,4.929,1.09,19,23579
2.72,4.42,2.399,21,23600
0.599,7.25,11.199,30,23630
-2.779,15.019,11.069,10,23640
-8.369,19.359,12.09,31,23671
-5.949,7.379,13.829,9,23680
-0.81,5.239,12.239,20,23700
-0.629,6.019,11.55,20,23720
-2.039,7.759,9.38,20,23740
-4.94,9.369,4.849,30,23770
-4.989,8,3.25,10,23780
-3.349,1.799,3.829,20,23800
-3.819,-2.25,5.699,20,23820
-3.819,-2.25,5.699,20,23840
-2.97,-3.189,5.279,20,23860
-2.519,-0.269,5.199,20,23880
-2.519,-0.269,5.199,20,23900
-3.329,7.029,6.48,20,23920
-3.269,19.77,7.339,20,23940
-11.759,6.589,10.71,30,23970
-4.719,18.699,7.149,20,23990
-4.719,18.699,7.149,20,24010
-5.569,15.779,7.5,10,24020
-4.679,8.949,8.329,20,24040
-1.469,3.329,4.69,20,24060
2.899,1.679,2.279,20,24080
6.21,-0.319,2.789,20,24100
5.46,-2.99,1.069,30,24130
6.589,-1,0.119,10,24140
7.029,6.329,-1.159,30,24170
7.639,7.94,-1.309,10,24180
5.519,5.719,0.979,20,24200
3.009,3.619,3.879,20,24220
1.389,4.92,11.409,20,24240
-4.289,19.799,10.139,20,24260
-7.769,13.789,12.069,20,24280
-5.369,12.119,13.199,19,24299
-2.669,8.279,10.869,21,24320
-4.769,6.599,8.38,20,24340
-4.15,6.899,5.15,20,24360
-5.259,7.629,3.179,20,24380
-8.21,4.969,1.159,20,24400
-8.439,2.769,1.37,20,24420
-7.179,-3.569,3.549,30,24450
-5.969,-3.689,3.889,10,24460
-3.23,-0.569,4.889,20,24480
-3.199,2.319,4.259,30,24510
-3.289,4.9,3.609,10,24520
-2.299,13.949,3,30,24550
-5.289,19.819,1.909,10,24560
-17.049,19.26,6.73,20,24580
-5.659,16.44,10.55,20,24600
-9.539,19.289,6.589,20,24620
-6.359,8.939,5.13,30,24650
-6.359,8.939,5.13,20,24670
0.56,3.869,0.56,10,24680
6.519,1.36,-0.649,20,24700
7.96,-2.2,2.379,20,24720
6.789,-4.039,2.009,20,24740
7.139,-0.299,-0.599,30,24770
7.139,-0.299,-0.599,10,24780
6.039,4.5,-1.599,20,24800
6.17,8.179,0.349,20,24820
0.839,7.489,7.849,20,24840
0.029,9.729,12.219,20,24860
-7.69,18.18,11.949,20,24880
-7.69,18.18,11.949,20,24900
-6.469,10.809,11.909,30,24930
-5.619,6.69,12.529,10,24940
-4.889,6.299,8.909,20,24960
-3.629,7.919,5.9,20,24980
-2.559,7.619,4.429,20,25000
-2.559,7.619,4.429,20,25020
-1.87,-0.209,3.619,30,25050
-2.119,-5.449,3.21,20,25070
-2.049,-6.319,3.75,9,25079
-3.279,-6.17,4.239,21,25100
-4.4,-2.509,4.539,20,25120
-5.369,3.339,5.509,20,25140
-9.369,18.35,9.329,30,25170
-11.929,9.909,9.5,10,25180
-9.679,0.379,10.179,20,25200
-9.679,0.379,10.179,20,25220
-11.67,15.969,7.5,20,25240
-17.379,12.029,8.389,20,25260
-17.379,12.029,8.389,20,25280
-10.67,5.369,8.319,20,25300
-7.059,4.159,5.269,20,25320
-2.169,0.659,0.81,20,25340
3.959,-1.23,-1.779,30,25370
3.959,-1.23,-1.779,10,25380
6.609,4.579,-2.399,20,25400
6.609,4.579,-2.399,20,25420
6.279,8.949,4.309,30,25450
3.639,4.809,12.71,9,25459
-0.37,0.879,14.859,21,25480
-6.659,5.739,13.689,20,25500
-9.289,11.21,12.159,20,25520
-13.71,7.969,13.439,30,25550
-8.84,2.159,14.079,20,25570
-8.84,2.159,14.079,10,25580
-4.5,3.509,11.21,20,25600
-4.5,3.509,11.21,20,25620
-3.269,3.359,6.409,20,25640
-3.799,-0.919,3.369,20,25660
-2.829,-3.519,1.939,20,25680
-1.99,-4.799,2.069,20,25700
-2.269,-5.529,3.98,30,25730
-3.21,-3.379,4.25,10,25740
-4.789,0.569,5,30,25770
-5.67,2.21,8.409,10,25780
-4.969,-0.599,12.159,20,25800
-6.039,-2.429,13.59,30,25830
-6.039,-2.429,13.59,10,25840
-9.039,-2.549,13.63,20,25860
-10.179,2.21,14.069,20,25880
-9.909,2.279,15.099,20,25900
-6.299,-0.189,12.309,20,25920
-3.779,1.789,10.519,30,25950
-3.009,2.919,9.279,10,25960
-1.75,3.179,6.17,30,25990
0.199,1.159,2.389,20,26010
2.579,2.409,0.759,20,26030
2.579,2.409,0.759,10,26040
2.859,5.199,0.709,20,26060
1.059,6.759,1.809,30,26090
1.059,6.759,1.809,10,26100
0.399,5.46,5.779,20,26120
1.649,-4.039,17.989,20,26140
-1.659,0.599,13.399,30,26170
-4.469,10.819,11.869,10,26180
-5.049,10.949,13.399,20,26200
-1.699,6.409,18.18,20,26220
0.579,2.619,19.409,20,26240
1,2.899,13.71,20,26260
-2.22,5.629,9.13,30,26290
-3.559,3.109,7.489,20,26310
-3.75,1.139,6.67,10,26320
-4.17,-3.23,5.519,30,26350
-3.929,-7,4.139,10,26360
-3.089,-6.299,2.379,20,26380
-3.139,-4.369,2.049,20,26400
-3,-1.839,1.389,20,26420
-2.599,-1.23,1.639,20,26440
-2.599,-1.23,1.639,20,26460
0.349,0.689,13.119,20,26480
-2.129,-1.129,16.699,20,26500
-4.199,-4.389,12.75,20,26520
-9,7.309,12.779,30,26550
-9,7.309,12.779,10,26560
-4.67,6.799,9.869,20,26580
-4.67,6.799,9.869,20,26600
0.259,5.9,13.329,20,26620
-1.389,5.029,12.559,20,26640
-1.389,5.029,12.559,20,26660
-3.119,3.869,6.98,20,26680
-3.709,3.259,4.98,20,26700
-3.419,2.269,1.539,20,26720
-1.429,3.579,-0.449,20,26740
0.969,5,-0.729,30,26770
1.439,5.44,-0.229,10,26780
2.23,4.75,2.599,20,26800
4.25,2.649,18.85,20,26820
-2.139,-1.509,14.539,30,26850
-2.759,2.889,13.119,10,26860
-4.679,7.059,11.909,20,26880
-2.23,8.159,13.38,20,26900
1.909,9.26,13.809,20,26920
1.35,7.269,14.009,20,26940
0.449,6.779,13.689,20,26960
-0.28,7.75,12.469,30,26990
-0.569,6.079,10.429,9,26999
-1.569,4.199,8.899,31,27030
-3.629,1.789,6.759,20,27050
-4.94,0.939,5.549,10,27060
-5.73,0.439,4.17,20,27080
-5.509,0.639,3.299,20,27100
-5.509,0.639,3.299,20,27120
-2.109,1.5,4.799,20,27140
-0.089,3.379,5.089,20,27160
0.74,10.76,11.01,20,27180
-3.009,5.079,11.75,20,27200
-10.01,0.539,9.739,20,27220
-12.179,6.23,10.909,20,27240
-10.979,11.479,8.639,20,27260
-8.979,10.179,9.75,20,27280
-3.019,5.98,10.559,20,27300
-3.019,5.98,10.559,22,27322
0.379,5.079,10.789,18,27340
1.209,4.569,8.389,20,27360
1.149,3.779,7.23,20,27380
0.75,3.339,6.46,20,27400
-0.329,3.119,3.74,20,27420
-0.649,4.029,2.19,20,27440
-1.189,4.529,1.599,20,27460
-1.389,4.619,3.049,20,27480
-1.069,4.38,3.669,20,27500
-0.099,3.789,4.4,20,27520
2.359,6.46,13.699,20,27540
1.929,7.969,15.359,20,27560
0.93,5.4,13.189,20,27580
-2.339,10.199,13.009,30,27610
-3.599,10.219,11.259,20,27630
-3.74,8.359,11.439,20,27650
-2.619,6.359,11.75,20,27670
-1.649,5.94,11.429,20,27690
-0.129,4.219,10.34,20,27710
-0.209,3.409,9.909,20,27730
-1.319,1.659,7.899,20,27750
-1.899,1.679,7.259,10,27760
-3.139,1.919,5.559,30,27790
-4.069,2.109,4.319,10,27800
-4.469,1.799,4.21,30,27830
-3.72,1.23,4.699,20,27850
-0.789,1.769,5.289,20,27870
-0.789,1.769,5.289,10,27880
-0.029,3.039,6.759,30,27910
-1.25,2.259,8.01,20,27930
-1.25,2.259,8.01,10,27940
-2.74,1.25,9.21,30,27970
-2.95,1.639,10.01,20,27990
-2.95,1.639,10.01,19,28009
-6.079,6.75,13.029,21,28030
-6.079,6.75,13.029,10,28040
-9.189,3.869,13.299,20,28060
-9.649,4.679,12.269,20,28080
-8.949,5.73,9.909,30,28110
-7.419,5.429,9.13,10,28120
-5.25,4.869,9.479,20,28140
-3.339,3.669,9.51,20,28160
-1.589,2.619,8.569,20,28180
-1.589,2.619,8.569,20,28200
-1.959,2.73,7.239,20,28220
-1.959,2.73,7.239,20,28240
-3.289,2.639,6.17,20,28260
-3.409,2.809,5.48,20,28280
-3.259,3.049,5.259,20,28300
-2.279,4.069,5,20,28320
-1.639,4.369,5.5,20,28340
-1.649,4.13,6.21,20,28360
-1.649,4.13,6.21,20,28380
-2.789,4.73,7.23,29,28409
-3.97,4.569,8.84,21,28430
-3.97,4.569,8.84,10,28440
-4.329,3.48,9.599,20,28460
-4.639,3.809,9.59,20,28480
-4.639,3.809,9.59,20,28500
-4.489,4.789,10.38,20,28520
-4.21,4.049,10.829,20,28540
-3.72,3.509,10.659,20,28560
-3.72,3.509,10.659,20,28580
-3.269,4.67,8.869,20,28600
-2.96,4.809,8.13,20,28620
-2.47,4.65,7.579,20,28640
-1.86,4.23,7.469,20,28660
-1.579,4.11,7.579,20,28680
-2.259,3.879,7.739,30,28710
-2.259,3.879,7.739,10,28720
-2.319,3.279,8.099,20,28740
-2.389,3.179,8.369,20,28760
-2.929,2.99,8.409,20,28780
-3.46,3.119,8.22,20,28800
-3.909,3.48,8.22,30,28830
-3.879,3.429,8.17,9,28839
-3.179,3,8.26,21,28860
-2.589,2.889,8.449,20,28880
-2.549,2.96,8.439,20,28900
-2.549,2.96,8.439,20,28920
-2,3.699,8.079,30,28950
-1.759,4.21,8.029,10,28960
-1.679,4.339,8.099,20,28980
-1.559,4.089,8.099,20,29000
-0.729,4.079,8.229,20,29020
-1.679,4.219,8.739,30,29050
-1.679,4.219,8.739,10,29060
-2.339,4.5,8.639,20,29080
-3.099,4.909,8.13,20,29100
-4.449,4.96,9.13,20,29120
-4.759,4.889,9.09,20,29140
-5.92,5.009,8.609,30,29170
-5.98,4.929,8.279,10,29180
-5.769,4.949,7.94,20,29200
-4.909,5.269,7.429,20,29220
-4.17,4.909,7.289,20,29240
-4.42,5.15,6.279,20,29260
-4.73,5.989,5.94,20,29280
-4.809,6.019,5.829,20,29300
-4.809,6.019,5.829,22,29322
-4.65,5.879,6.009,28,29350
-4.799,5.099,6.259,20,29370
-4.799,5.099,6.259,10,29380
-4.94,5.259,6.17,20,29400
-4.94,5.259,6.17,20,29420
-4.219,5.859,5.989,20,29440
-4.15,6.19,6.049,20,29460
-4.299,6.139,6.089,20,29480
-4.299,6.139,6.089,20,29500
-4.11,6.96,5.75,20,29520
-4.11,6.899,5.969,20,29540
-4.11,6.899,5.969,20,29560
-4.509,7.469,6.129,20,29580
-4.88,7.17,6,30,29610
-4.819,7.48,6.029,10,29620
-5.719,8.369,4.989,20,29640
-5.029,9.269,4.75,20,29660
-6.75,8.319,5.38,20,29680
-5.119,6.649,7.109,20,29700
-3.629,6.19,5.9,30,29730
-3.179,6.389,8.119,10,29740
-3.089,6.859,6.059,20,29760
-2.97,7.309,7.219,20,29780
-2.259,7.649,5.839,20,29800
-2.259,7.649,5.839,20,29820
-1.659,7.409,5.619,20,29840
-0.409,7.789,6.649,20,29860
-0.409,7.789,6.649,20,29880
0.229,7.559,5.67,20,29900
0.119,7.429,6.869,20,29920
-1.09,6.579,6.099,20,29940
-0.829,6.559,6.779,20,29960
-1.719,6.679,6.589,20,29980
-2.059,6.539,7.279,20,30000
-1.699,6.319,7.17,20,30020
-1.439,6.279,7.23,20,30040
-0.949,6.139,7.319,20,30060
-0.949,6.139,7.319,20,30080
-0.68,6.369,7.099,20,30100
-0.949,6.589,7.269,20,30120
-1.48,6.23,7.079,20,30140
-1.48,6.23,7.079,20,30160
-1.659,6.199,6.92,20,30180
-1.86,6.15,6.98,20,30200
-1.86,6.15,6.98,20,30220
-0.879,5.699,6.889,20,30240
0.009,5.859,8.229,20,30260
0.07,5.98,8.079,40,30300
-1.5,5.679,7.299,20,30320
-1.5,5.679,7.299,20,30340
-1.73,6.92,6.059,30,30370
-1.73,6.92,6.059,10,30380
-1.529,6.609,6.69,20,30400
0.109,6.599,7.759,20,30420
-0.969,6.099,8.21,20,30440
-0.439,6.609,6.949,20,30460
-0.469,6.879,8.139,20,30480
-0.469,6.879,8.139,20,30500
-0.729,6.5,7.049,20,30520
-1.309,6.379,7.839,20,30540
-1.309,6.379,7.839,20,30560
-1.599,6.309,7.339,30,30590
-1.289,6.25,7.529,10,30600
-1.719,5.929,7.349,20,30620
-1.319,5.879,7.299,20,30640
-1.539,5.849,7.329,20,30660
-1.769,5.819,7.399,20,30680
-1.769,5.819,7.399,20,30700
-1.799,5.739,7.559,20,30720
-1.799,5.769,7.529,20,30740
-1.799,5.769,7.529,20,30760
-1.779,5.929,7.48,20,30780
-1.779,6.019,7.449,20,30800
-1.779,6.019,7.449,20,30820
-1.62,5.71,7.529,30,30850
-1.649,6.119,7.469,10,30860
-1.779,6.029,7.569,20,30880
-1.759,5.779,7.5,20,30900
-1.789,6.109,7.109,20,30920
-1.789,6.109,7.109,20,30940
-1.179,5.679,7.129,20,30960
-1.159,5.889,7.029,20,30980
-1.159,5.889,7.029,20,31000
-2.079,6.089,6.67,20,31020
-2.139,5.96,6.379,20,31040
-1.519,6.009,6.069,20,31060
-1.519,6.009,6.069,20,31080
-0.229,5.699,4.859,20,31100
0.129,5.71,4.48,20,31120
-0.189,6.049,4.19,19,31139
-1.039,6.639,3.689,21,31160
-1.839,7.639,3.589,20,31180
-2.619,8.55,3.829,20,31200
-4.67,9.899,5.509,20,31220
-6.449,9.289,6.589,20,31240
-7.149,8.789,7.009,20,31260
-6.71,9.889,6.819,20,31280
-6.559,10.689,6.559,20,31300
-6.069,10.659,5.92,20,31320
-5.599,10.059,5.71,20,31340
-3.24,8.639,4.809,20,31360
-2.899,8.13,4.659,20,31380
-2.96,7.699,4.469,20,31400
-3.139,7.629,4.38,29,31429
-3.379,7.179,4.589,21,31450
-3.379,7.179,4.589,10,31460
-3.559,7.21,5.279,20,31480
-3.199,6.969,5.71,20,31500
-2.47,7.149,5.9,30,31530
-2.109,7.669,5.759,20,31550
-2.109,7.669,5.759,10,31560
-1.759,7.759,5.71,20,31580
-1.759,7.759,5.71,19,31599
-1.199,7.519,5.909,31,31630
-1.1,7.46,5.869,20,31650
-1.1,7.46,5.869,10,31660
-1.37,8.09,5.44,20,31680
-2.419,7.44,6.19,20,31700
-3.139,6.19,6.429,30,31730
-3.99,5.559,6.069,10,31740
-5.159,6.179,5.369,30,31770
-6.659,8.139,4.429,10,31780
-6.98,7.989,4.489,19,31799
-6.519,7.269,4.949,21,31820
-5.829,7.019,5.46,20,31840
-5.259,7.25,5.599,19,31859
-4.88,7.639,5.219,31,31890
-4.88,7.639,5.219,10,31900
-4.929,8.139,4.949,20,31920
-4.309,8.17,4.719,20,31940
-3.899,8.069,4.639,30,31970
-2.369,7.94,4.579,20,31990
-1.789,7.899,4.259,10,32000
-1.939,8.109,4.089,20,32020
-2.129,8.029,3.779,30,32050
-2.25,8.13,4.23,20,32070
-2.25,8.13,4.23,10,32080
-2.299,8.109,4.509,20,32100
-2.159,7.719,4.809,30,32130
-2.159,7.719,4.809,10,32140
-2.569,8.159,4.549,30,32170
-3.779,7.98,5.269,20,32190
-3.829,7.279,5.359,10,32200
-3.349,7.869,5.119,30,32230
-3.349,7.869,5.119,20,32250
-3.419,8.289,5.309,10,32260
-3.24,7.899,5.529,20,32280
-2.669,7.839,5.809,20,32300
-2.359,7.789,6.15,20,32320
-1.829,7.119,5.94,20,32340
-1.659,7.139,5.769,30,32370
-1.129,7.549,5.309,10,32380
-0.949,7.589,5.139,20,32400
-0.359,7.679,4.989,20,32420
-0.119,7.699,5.009,20,32440
0.329,7.429,5.199,20,32460
0.529,7.399,5.289,30,32490
0.349,7.599,5.309,10,32500
-0.089,7.819,5.319,20,32520
-0.5,8.13,5.339,20,32540
-0.709,8.38,5.409,30,32570
-0.669,8.449,5.519,10,32580
-0.539,8.529,5.739,20,32600
-0.509,8.439,5.829,20,32620
-0.489,8.389,5.869,20,32640
-0.639,8.38,6.239,20,32660
-0.789,8.46,6.389,20,32680
-1.48,8.659,5.969,20,32700
-1.689,8.689,5.699,30,32730
-1.689,8.689,5.699,10,32740
-1.469,8.479,5.559,20,32760
-1.469,8.479,5.559,20,32780
-1.36,8.389,5.4,20,32800
-1.459,8.139,5.389,20,32820
-1.409,7.799,5.4,30,32850
-1.409,7.799,5.4,20,32870
-1.159,7.569,5.409,10,32880
-1.069,7.529,5.579,20,32900
-1.09,7.429,5.609,20,32920
-1.289,7.48,5.639,20,32940
-1.539,7.849,5.629,30,32970
-1.709,7.96,5.789,10,32980
-2.119,7.989,5.779,20,33000
-2.259,7.699,6.079,20,33020
-2.259,7.699,6.079,20,33040
-2.18,7.429,6.309,20,33060
-2.069,7.339,6.109,20,33080
-2.069,7.339,6.109,20,33100
-1.629,7.319,6.039,20,33120
-1.579,7.259,5.969,20,33140
-1.429,7.349,5.779,20,33160
-1.429,7.359,5.739,20,33180
-1.549,7.469,5.769,20,33200
-1.949,7.609,5.659,20,33220
-1.949,7.609,5.659,20,33240
-2.039,7.619,5.73,20,33260
-1.439,7.519,5.779,20,33280
-1.439,7.519,5.779,20,33300
-1.069,7.669,6.089,20,33320
-1.009,7.75,6.069,20,33340
-1.299,7.869,6.069,20,33360
-2.21,7.849,5.759,19,33379
-1.169,7.699,5.639,21,33400
-1.169,7.699,5.639,20,33420
-1.079,7.669,5.73,20,33440
-1.079,7.669,5.73,30,33470
-0.979,7.879,5.96,10,33480
-1.049,7.889,5.98,20,33500
-1.049,7.889,5.98,20,33520
-1.439,7.71,5.819,30,33550
-1.36,7.94,5.619,20,33570
-1.189,7.779,5.73,10,33580
-1.019,7.799,5.739,20,33600
-0.889,7.96,5.5,20,33620
-1,7.919,5.679,20,33640
-1,7.919,5.679,20,33660
-0.789,7.829,5.849,20,33680
-0.639,7.859,5.92,30,33710
-0.709,7.839,5.969,10,33720
-1.149,7.929,5.809,30,33750
-1.22,8.059,5.719,10,33760
-1.1,8.019,5.65,20,33780
-1.009,8.029,5.719,20,33800
-1.139,7.96,5.619,30,33830
-1.12,7.949,5.469,10,33840
-0.689,8.09,5.48,20,33860
-0.589,8.149,5.319,20,33880
-0.959,7.869,5.469,30,33910
-0.919,7.919,5.549,10,33920
-0.62,8,5.809,20,33940
-0.659,7.989,5.849,20,33960
-0.859,7.98,5.759,20,33980
-0.949,8.059,5.629,20,34000
-0.949,8.059,5.629,20,34020
-1.069,8.13,5.539,20,34040
-1.11,8.079,5.609,30,34070
-0.879,7.929,5.659,9,34079
-0.769,8.029,5.539,20,34099
-0.799,8.17,5.46,31,34130
-0.81,8.109,5.389,10,34140
-0.849,8.119,5.319,30,34170
-0.849,8.119,5.319,10,34180
-0.839,8.159,5.309,20,34200
-0.919,8.139,5.15,30,34230
-0.919,8.139,5.15,10,34240
-0.81,8.05,5.079,20,34260
-0.639,8,5.15,20,34280
-0.62,8.109,5.279,20,34300
-0.639,8.059,5.839,30,34330
-1.009,7.949,5.889,24,34354
-1.009,7.949,5.889,6,34360
-1.179,8.46,5.449,20,34380
-1.149,8.479,5.259,20,34400
-1.23,8.359,5.349,30,34430
-1.23,8.359,5.349,10,34440
-1.159,8.38,5.38,20,34460
-1.209,8.429,5.309,20,34480
-1.069,8.289,5.159,20,34500
-1.129,8.25,5.19,30,34530
-1.37,8.42,5.449,10,34540
-1.35,8.42,5.69,20,34560
-1.069,8.229,5.539,30,34590
-1.129,8.21,5.509,10,34600
-1.23,8.309,5.319,20,34620
-1.339,8.399,5.44,20,34640
-1.319,8.389,5.46,20,34660
-1.12,8.13,5.48,20,34680
-1.009,8.05,5.449,20,34700
-1.11,7.889,5.079,30,34730
-1.449,7.659,5.019,10,34740
-1.909,8.019,5.38,30,34770
-1.75,7.98,5.529,20,34790
-1.579,7.71,5.65,9,34799
-1.269,7.419,5.92,31,34830
-1.269,7.419,5.92,10,34840
-1.209,7.349,6.469,20,34860
-1.209,7.349,6.469,20,34880
-1.719,7.819,5.879,20,34900
-1.809,8.46,5.559,30,34930
-1.789,8.42,5.469,10,34940
-1.639,8.21,5.319,30,34970
-1.399,8.05,5.739,10,34980
-1.37,7.789,6,20,35000
-1.379,7.48,5.73,21,35021
-1.379,7.48,5.73,19,35040
-1.469,7.879,5.239,20,35060
-1.779,8.25,5.109,20,35080
-1.779,8.25,5.109,30,35110
-1.23,8.159,5.199,10,35120
-1.019,7.759,5.46,20,35140
-0.969,7.71,5.519,20,35160
-1.159,7.71,5.929,20,35180
-1.409,7.71,6.23,20,35200
-1.5,7.719,6.349,20,35220
-1.579,7.659,6.159,20,35240
-1.48,7.669,6.059,20,35260
-1.36,7.909,5.969,20,35280
-0.759,8.17,5.339,20,35300
-0.729,7.869,5.42,20,35320
-0.56,7.669,5.359,20,35340
-0.25,7.69,5.44,20,35360
-0.299,7.769,5.4,20,35380
-0.379,7.799,5.529,20,35400
-0.829,7.559,7.039,30,35430
-0.989,7.5,7.779,10,35440
-2.639,7.279,6.339,30,35470
-2.639,7.279,6.339,10,35480
-0.849,8.949,4.269,20,35500
0.039,8.989,3.46,30,35530
0.149,7.879,3.379,10,35540
0.589,7.349,4.069,30,35570
0.389,7.429,5.569,10,35580
-0.359,7.719,6.159,20,35600
-0.639,8.139,6.639,30,35630
-0.649,8.489,6.73,9,35639
-0.74,8.779,6.619,21,35660
-0.74,8.779,6.619,19,35679
-0.889,8.149,6.259,21,35700
-0.979,7.919,5.929,30,35730
-1.169,7.629,5.619,20,35750
-1.169,7.629,5.619,10,35760
-1.12,7.569,5.259,20,35780
-1.12,7.569,5.259,20,35800
-1,7.669,5.389,20,35820
-0.669,7.629,5.609,20,35840
-0.569,7.569,5.69,20,35860
-0.709,7.529,5.9,20,35880
-0.789,7.599,5.96,20,35900
-0.659,7.699,5.929,20,35920
-0.659,7.699,5.929,20,35940
-0.759,7.559,6.46,29,35969
-0.879,7.449,6.389,21,35990
-0.959,7.469,6.289,20,36010
-0.959,7.469,6.289,10,36020
-0.969,7.509,6.15,30,36050
-0.949,7.469,6.109,10,36060
-0.819,7.519,5.98,20,36080
-0.779,7.589,5.879,30,36110
-0.75,7.539,5.96,10,36120
-0.719,7.5,5.94,20,36140
-0.68,7.669,5.9,29,36169
-0.719,7.739,5.949,21,36190
-0.719,7.739,5.949,9,36199
-0.61,7.699,5.989,21,36220
-0.589,7.75,6,20,36240
-0.709,7.889,6.069,30,36270
-0.709,7.889,6.069,10,36280
-0.789,7.869,6.109,20,36300
-0.81,7.869,6.059,20,36320
-0.639,7.829,6.019,30,36350
-0.639,7.829,6.019,10,36360
-0.819,7.869,6.079,20,36380
-0.759,7.799,6.109,30,36410
-0.759,7.799,6.109,10,36420
-0.849,7.779,6.059,20,36440
-0.899,7.719,6.049,20,36460
-0.899,7.719,6.049,20,36480
-0.839,7.73,5.929,20,36500
-0.859,7.639,5.949,20,36520
-0.859,7.639,5.949,20,36540
-0.859,7.579,5.909,20,36560
-1.11,7.599,5.969,20,36580
-1.149,7.609,5.949,20,36600
-0.989,7.809,5.949,30,36630
-0.989,7.809,5.949,10,36640
-1.009,7.759,5.96,20,36660
-1.019,7.679,5.96,20,36680
-0.799,7.769,5.98,30,36710
-0.75,7.799,5.949,20,36730
-0.709,7.829,5.859,10,36740
-0.729,7.839,5.789,30,36770
-0.709,7.899,5.859,10,36780
-0.629,7.949,5.869,20,36800
-0.459,7.919,5.969,20,36820
-0.579,7.829,5.889,20,36840
-0.689,7.879,5.809,20,36860
-0.689,7.879,5.809,20,36880
-0.849,7.759,6.009,30,36910
-0.849,7.719,5.969,20,36930
-0.829,7.71,5.94,20,36950
-0.829,7.71,5.94,20,36970
-0.729,7.669,5.92,20,36990
-0.709,7.699,5.929,10,37000
-0.68,7.71,5.969,29,37029
-0.719,7.599,6.009,21,37050
-0.719,7.599,6.009,9,37059
-0.779,7.609,5.96,21,37080
-0.789,7.619,5.839,20,37100
-0.789,7.619,5.839,20,37120
-0.789,7.949,5.759,20,37140
-0.779,7.989,5.809,20,37160
-0.779,7.989,5.809,20,37180
-0.969,7.759,6.029,20,37200
-0.849,7.73,6.089,30,37230
-0.699,7.619,6.159,20,37250
-0.949,7.739,6.109,9,37259
-1.23,7.789,6,21,37280
-1.079,7.75,5.9,30,37310
-0.769,7.609,5.969,20,37330
-0.769,7.609,5.969,10,37340
-0.709,7.589,5.929,20,37360
-0.709,7.589,5.929,20,37380
-1.059,7.739,5.839,20,37400
-1.029,7.779,5.92,20,37420
-0.939,7.73,5.96,20,37440
-0.909,7.73,5.96,20,37460
-0.909,7.71,5.849,30,37490
-0.93,7.679,6.039,10,37500
-0.779,7.779,5.98,20,37520
-0.819,7.73,6.019,20,37540
-0.61,7.69,5.98,20,37560
